--
-- PostgreSQL database dump
--

SET statement_timeout = 0;
SET lock_timeout = 0;
SET client_encoding = 'UTF8';
SET standard_conforming_strings = on;
SET check_function_bodies = false;
SET client_min_messages = warning;

SET search_path = public, pg_catalog;

--
-- Data for Name: abouts; Type: TABLE DATA; Schema: public; Owner: vietren
--

COPY abouts (id, tag_vn, title_vn, content_vn, tag_en, title_en, content_en, created_at, updated_at) FROM stdin;
1	Về chúng tôi	KHÁI QUÁT VỀ CÔNG TY CỔ PHẦN VIỆT REN	<table>\r\n\t<tbody>\r\n\t\t<tr>\r\n\t\t\t<td><img alt="https://dl.dropboxusercontent.com/content_link/k4KSUuC0i69ham8obTOFhfQxiSszVsHzJ1ZezqZEb0SFFPbGzRS2bJpwXHaNe9jx/file?raw=1" src="https://dl.dropboxusercontent.com/content_link/k4KSUuC0i69ham8obTOFhfQxiSszVsHzJ1ZezqZEb0SFFPbGzRS2bJpwXHaNe9jx/file?raw=1" /></td>\r\n\t\t\t<td>\r\n\t\t\t<table cellpadding="3" cellspacing="0" style="height:175px; width:616px">\r\n\t\t\t\t<tbody>\r\n\t\t\t\t\t<tr>\r\n\t\t\t\t\t\t<td style="text-align:justify"><span style="color:#000000">&nbsp; &nbsp;T&ecirc;n c&ocirc;ng ty</span></td>\r\n\t\t\t\t\t\t<td style="text-align:justify"><span style="color:#000000">:&nbsp;</span></td>\r\n\t\t\t\t\t\t<td style="text-align:justify"><span style="color:#000000">C&ocirc;ng ty Cổ phần Việt Ren</span></td>\r\n\t\t\t\t\t</tr>\r\n\t\t\t\t\t<tr>\r\n\t\t\t\t\t\t<td style="text-align:justify"><span style="color:#000000">&nbsp; &nbsp;Địa điểm trụ sở ch&iacute;nh</span></td>\r\n\t\t\t\t\t\t<td style="text-align:justify"><span style="color:#000000">:</span></td>\r\n\t\t\t\t\t\t<td style="text-align:justify"><span style="color:#000000">242 Quốc lộ 9 - Đ&ocirc;ng H&agrave; - Quảng Trị.</span></td>\r\n\t\t\t\t\t</tr>\r\n\t\t\t\t\t<tr>\r\n\t\t\t\t\t\t<td style="text-align:justify"><span style="color:#000000">&nbsp; &nbsp;Điện thoại</span></td>\r\n\t\t\t\t\t\t<td style="text-align:justify"><span style="color:#000000">:</span></td>\r\n\t\t\t\t\t\t<td style="text-align:justify"><span style="color:#000000">053.3850.222, 053.2211.052</span></td>\r\n\t\t\t\t\t</tr>\r\n\t\t\t\t\t<tr>\r\n\t\t\t\t\t\t<td style="text-align:justify"><span style="color:#000000">&nbsp; &nbsp;Fax</span></td>\r\n\t\t\t\t\t\t<td style="text-align:justify"><span style="color:#000000">:</span></td>\r\n\t\t\t\t\t\t<td style="text-align:justify"><span style="color:#000000">053.3856777</span></td>\r\n\t\t\t\t\t</tr>\r\n\t\t\t\t\t<tr>\r\n\t\t\t\t\t\t<td style="text-align:justify"><span style="color:#000000">&nbsp; &nbsp;Ng&agrave;y th&agrave;nh lập</span></td>\r\n\t\t\t\t\t\t<td style="text-align:justify"><span style="color:#000000">:</span></td>\r\n\t\t\t\t\t\t<td style="text-align:justify"><span style="color:#000000">02/3/2009</span></td>\r\n\t\t\t\t\t</tr>\r\n\t\t\t\t\t<tr>\r\n\t\t\t\t\t\t<td style="text-align:justify"><span style="color:#000000">&nbsp; &nbsp;Vốn điều lệ</span></td>\r\n\t\t\t\t\t\t<td style="text-align:justify"><span style="color:#000000">:</span></td>\r\n\t\t\t\t\t\t<td style="text-align:justify"><span style="color:#000000">750 tỷ đồng</span></td>\r\n\t\t\t\t\t</tr>\r\n\t\t\t\t</tbody>\r\n\t\t\t</table>\r\n\r\n\t\t\t<table style="height:52px; width:948px">\r\n\t\t\t\t<tbody>\r\n\t\t\t\t\t<tr>\r\n\t\t\t\t\t\t<td style="text-align:justify"><span style="color:#000000"><strong>&nbsp; &nbsp;Giấy chứng nhận đăng k&yacute; kinh doanh số 3200115109 do Sở Kế hoạch đầu tư Quảng Trị cấp ng&agrave;y 19 th&aacute;ng 1 năm 2006.</strong></span></td>\r\n\t\t\t\t\t</tr>\r\n\t\t\t\t</tbody>\r\n\t\t\t</table>\r\n\t\t\t</td>\r\n\t\t</tr>\r\n\t\t<tr>\r\n\t\t\t<td>&nbsp;</td>\r\n\t\t\t<td>&nbsp;</td>\r\n\t\t</tr>\r\n\t</tbody>\r\n</table>\r\n\r\n<p style="text-align:justify"><strong>QU&Aacute; TR&Igrave;NH TH&Agrave;NH LẬP V&Agrave; PH&Aacute;T TRIỂN</strong><br />\r\n&nbsp;&nbsp;&nbsp;&nbsp; - Trước đ&acirc;y l&agrave; C&ocirc;ng ty TNHH x&acirc;y dựng Miền Trung, được th&agrave;nh lập ng&agrave;y 30 th&aacute;ng 3 năm 2000.<br />\r\n&nbsp;&nbsp;&nbsp;&nbsp; - Chuyển đổi lần thứ nhất từ c&ocirc;ng ty TNHH x&acirc;y dựng Miền Trung th&agrave;nh c&ocirc;ng ty cổ phần Miền Trung từ ng&agrave;y 19 th&aacute;ng 01 năm 2006.<br />\r\n&nbsp;&nbsp;&nbsp;&nbsp; - Chuyền đổi lần thứ 2 từ C&ocirc;ng ty Cổ phần Miền Trung th&agrave;nh C&ocirc;ng ty Cổ phần X&acirc;y lắp Dầu kh&iacute; 1 từ ng&agrave;y 02 th&aacute;ng 3 năm 2009.<br />\r\n&nbsp;&nbsp;&nbsp;&nbsp; - Chuyển đổi th&agrave;nh C&ocirc;ng ty CP Việt Ren từ ng&agrave;y 18 th&aacute;ng 03 năm 2013.</p>\r\n\r\n<p style="text-align:justify"><strong>C&Aacute;C NGH&Agrave;NH NGHỀ KINH DOANH CH&Iacute;NH</strong><br />\r\n&nbsp;&nbsp;&nbsp;&nbsp; - X&acirc;y dựng c&aacute;c c&ocirc;ng tr&igrave;nh giao th&ocirc;ng từ năm 2000;<br />\r\n&nbsp;&nbsp;&nbsp;&nbsp; - X&acirc;y dưng c&aacute;c c&ocirc;ng tr&igrave;nh thuỷ lợi năm 2000;<br />\r\n&nbsp;&nbsp;&nbsp;&nbsp; - X&acirc;y dựng c&aacute;c c&ocirc;ng tr&igrave;nh d&acirc;n dụng từ năm 2003;<br />\r\n&nbsp;&nbsp;&nbsp;&nbsp; - San lấp mặt bằng c&ocirc;ng nghiệp từ năm 2000;<br />\r\n&nbsp;&nbsp;&nbsp;&nbsp; - Sản xuất vật liệu x&acirc;y dựng từ năm 2000;<br />\r\n&nbsp;&nbsp;&nbsp;&nbsp; - X&acirc;y dựng c&aacute;c c&ocirc;ng tr&igrave;nh điện, cấp tho&aacute;t nước từ năm 2001;<br />\r\n&nbsp;&nbsp;&nbsp;&nbsp; - Đầu tư kinh doanh c&aacute;c c&ocirc;ng tr&igrave;nh giao th&ocirc;ng;<br />\r\n&nbsp;&nbsp;&nbsp;&nbsp; - Đầu tư kinh doanh c&aacute;c c&ocirc;ng tr&igrave;nh thủy lợi - thủy điện, c&ocirc;ng tr&igrave;nh c&ocirc;ng nghiệp, d&acirc;n dụng;<br />\r\n&nbsp;&nbsp;&nbsp;&nbsp; - Đầu tư kinh doanh c&aacute;c c&ocirc;ng tr&igrave;nh&nbsp; điện, nước;<br />\r\n&nbsp;&nbsp;&nbsp;&nbsp; - Đầu tư kinh doanh kho&aacute;ng sản trong v&agrave; ngo&agrave;i nước;</p>\r\n\r\n<p style="text-align:justify"><strong>KH&Aacute;I QU&Aacute;T VỀ QUY M&Ocirc;, TỔ CHỨC V&Agrave; HOẠT ĐỘNG CỦA C&Ocirc;NG TY</strong></p>\r\n\r\n<p style="text-align:justify">&nbsp;&nbsp;&nbsp;&nbsp; Với tr&ecirc;n 1.200 C&aacute;n bộ C&ocirc;ng nh&acirc;n c&oacute; chuy&ecirc;n m&ocirc;n cao, kinh nghiệm d&agrave;y dặn v&agrave; một lực lượng thiết bị h&ugrave;ng hậu tr&ecirc;n 600 chiếc xe m&aacute;y chuy&ecirc;n dụng c&oacute; c&ocirc;ng suất lớn, t&iacute;nh năng hiện đại, C&ocirc;ng ty l&agrave; đơn vị chuy&ecirc;n ng&agrave;nh trong lĩnh vực san lấp mặt bằng c&ocirc;ng nghiệp, x&acirc;y dựng c&aacute;c c&ocirc;ng tr&igrave;nh giao th&ocirc;ng, thuỷ lợi v&agrave; d&acirc;n dụng đặc biệt c&oacute; ưu thế về thi c&ocirc;ng cơ giới.</p>\r\n\r\n<p style="text-align:justify">&nbsp;&nbsp;&nbsp;&nbsp; C&ocirc;ng ty th&agrave;nh lập năm 2000, đ&atilde; tham gia thi c&ocirc;ng v&agrave; ho&agrave;n th&agrave;nh nhiều c&ocirc;ng tr&igrave;nh lớn về quy m&ocirc; v&agrave; phức tạp về c&aacute;c điều kiện tự nhi&ecirc;n v&agrave; kỹ thuật (tham khảo phần c&aacute;c c&ocirc;ng tr&igrave;nh c&ocirc;ng ty đ&atilde; thi c&ocirc;ng).</p>\r\n\r\n<p style="text-align:justify">&nbsp;&nbsp;&nbsp;&nbsp; Doanh thu v&agrave; sản lượng của C&ocirc;ng ty tăng mạnh trong c&aacute;c năm qua. C&ocirc;ng ty đ&atilde; tạo được một vị thế vững chắc trong ng&agrave;nh x&acirc;y dựng tr&ecirc;n địa b&agrave;n c&aacute;c tỉnh miền Trung v&agrave; cả nước. Năng lực thiết bị, nh&acirc;n c&ocirc;ng ph&aacute;t triển rất mạnh đủ sức đảm đương c&aacute;c c&ocirc;ng tr&igrave;nh lớn c&oacute; y&ecirc;u cầu khắt khe về chất lượng kỹ thuật v&agrave; tiến độ.</p>\r\n\r\n<p style="text-align:justify">&nbsp;&nbsp;&nbsp;&nbsp; Thực hiện tốt nghĩa vụ ng&acirc;n s&aacute;ch v&agrave; chăm lo tốt đời sống C&aacute;n bộ c&ocirc;ng nh&acirc;n vi&ecirc;n v&agrave; tham gia c&ocirc;ng t&aacute;c x&atilde; hội, từ thiện tr&ecirc;n địa b&agrave;n. C&ocirc;ng ty được c&aacute;c Chủ đầu tư đ&aacute;nh gi&aacute; cao.</p>\r\n\r\n<p style="text-align:justify">&nbsp;&nbsp;&nbsp;&nbsp; Từ khi th&agrave;nh lập đến nay, C&ocirc;ng ty lu&ocirc;n nhận được giấy khen, bằng khen của c&aacute;c cơ quan: Cục thuế tỉnh Quảng Trị, UBND tỉnh Quảng Trị, Tổng Cục thuế, Bộ T&agrave;i ch&iacute;nh, Thủ tướng Ch&iacute;nh phủ. Đăc biệt, ng&agrave;y 08/9/2009 C&ocirc;ng ty đ&atilde; vinh dự được Chủ tịch nước Cộng ho&agrave; x&atilde; hội chủ nghĩa Việt Nam tặng thưởng Hu&acirc;n chương lao động hạng ba v&igrave; những th&agrave;nh t&iacute;ch xuất sắc từ năm 2004 - 2008.</p>\r\n\r\n<p style="text-align:justify">&nbsp;&nbsp;&nbsp;&nbsp; C&ocirc;ng ty Cổ phần Việt Ren đang tr&ecirc;n đ&agrave; ph&aacute;t triển mạnh về mọi phương diện, sẵn s&agrave;ng tham gia v&agrave; ho&agrave;n th&agrave;nh tốt c&aacute;c c&ocirc;ng tr&igrave;nh lớn của trung ương v&agrave; địa phương.</p>\r\n	About Us			2016-03-28 03:35:48.897916	2016-03-30 15:30:14.506879
\.


--
-- Name: abouts_id_seq; Type: SEQUENCE SET; Schema: public; Owner: vietren
--

SELECT pg_catalog.setval('abouts_id_seq', 1, true);


--
-- Data for Name: achievements; Type: TABLE DATA; Schema: public; Owner: vietren
--

COPY achievements (id, tag_vn, title_vn, content_vn, tag_en, title_en, content_en, created_at, updated_at) FROM stdin;
1	Thành tích đạt được	CÁC HÌNH THỨC KHEN THƯỞNG ĐÃ ĐƯỢC GHI NHẬN	<p style="text-align:justify"><span style="color:#000000">Sau 14 năm th&agrave;nh lập v&agrave; ph&aacute;t triển, C&ocirc;ng ty đ&atilde; g&oacute;p phần tạo c&ocirc;ng ăn việc l&agrave;m cho h&agrave;ng ngh&igrave;n c&aacute;n bộ c&ocirc;ng nh&acirc;n vi&ecirc;n v&agrave; g&oacute;p phần ph&aacute;t triển kinh tế x&atilde; hội. Để ghi nhận những đ&oacute;ng g&oacute;p của C&ocirc;ng ty trong c&ocirc;ng cuộc ph&aacute;t triển kinh tế của đất nước, c&aacute;c Cơ quan ban ng&agrave;nh đ&atilde; c&oacute; những h&igrave;nh&nbsp;thức khen thưởng C&ocirc;ng ty như sau:<br />\r\n&nbsp; &nbsp;- UBND tỉnh Quảng Trị tặng cờ thi đua năm 2007,2008<br />\r\n&nbsp; &nbsp;- Thủ tướng Ch&iacute;nh phủ tặng bằng khen năm 2008;<br />\r\n&nbsp;&nbsp;&nbsp;- Tổng Cục thuế tặng bằng khen năm 2006;<br />\r\n&nbsp;&nbsp;&nbsp;- Bộ T&agrave;i ch&iacute;nh tặng bằng khen năm 2004, 2007, 2009, 2010, 2011. 2012;<br />\r\n&nbsp;&nbsp;&nbsp;- UBND tỉnh Quảng Trị tặng bằng khen năm 2004, 2005, 2006, 2007;<br />\r\n&nbsp;&nbsp;&nbsp;- Giấy chứng nhận Chi bộ Đảng c&ocirc;ng ty đạt danh hiệu trong sạch, vững mạnh do Thị ủy&nbsp;Đ&ocirc;ng H&agrave; cấp;<br />\r\n&nbsp;&nbsp;&nbsp;- Bằng khen C&ocirc;ng đo&agrave;n cơ sở c&ocirc;ng ty về phong tr&agrave;o hoạt động C&ocirc;ng đo&agrave;n, do LĐLĐ tỉnh Quảng Trị tặng;&nbsp;<br />\r\n&nbsp;&nbsp;&nbsp;- Giấy khen của c&aacute;c Sở c&ocirc;ng nghiệp, Cục thuế v&agrave; c&aacute;c Ban ng&agrave;nh trong tỉnh tặng C&ocirc;ng ty về th&agrave;nh t&iacute;ch hoạt động SXKD;<br />\r\n&nbsp;&nbsp;&nbsp;- Hu&acirc;n chương lao động hạng 3 năm 2009 Chủ tịch nước;<br />\r\n&nbsp;&nbsp;&nbsp;- Bằng khen Nh&agrave; quản l&yacute; xuất sắc năm 2013 của c&aacute;c nước ASEAN...</span></p>\r\n	Achievement, Certifications & Awards			2016-03-28 03:41:53.152994	2016-03-28 07:00:13.553536
\.


--
-- Name: achievements_id_seq; Type: SEQUENCE SET; Schema: public; Owner: vietren
--

SELECT pg_catalog.setval('achievements_id_seq', 1, true);


--
-- Data for Name: careers; Type: TABLE DATA; Schema: public; Owner: vietren
--

COPY careers (id, title_vn, content_vn, title_en, content_en, created_at, updated_at) FROM stdin;
1	CHƯA CÓ THÔNG TIN TUYỂN DỤNG				2016-03-28 06:19:12.748382	2016-03-28 06:19:12.748382
\.


--
-- Name: careers_id_seq; Type: SEQUENCE SET; Schema: public; Owner: vietren
--

SELECT pg_catalog.setval('careers_id_seq', 1, true);


--
-- Data for Name: category_equipments; Type: TABLE DATA; Schema: public; Owner: vietren
--

COPY category_equipments (id, title_vn, content_vn, title_en, content_en, created_at, updated_at) FROM stdin;
1	MÁY ĐÀO		EXCAVATORS		2016-03-28 04:29:44.050933	2016-03-28 04:29:44.050933
2	MÁY XÚC LẬT		WHEEL LOADERS		2016-03-28 04:30:40.951636	2016-03-28 04:30:40.951636
3	MÁY ỦI		BULLDOZERS		2016-03-28 04:32:52.661963	2016-03-28 04:32:52.661963
4	MÁY LU		ROLLER		2016-03-28 04:33:24.945591	2016-03-28 04:33:24.945591
5	MÁY SAN		LEVELERS		2016-03-28 04:34:23.054061	2016-03-28 04:34:23.054061
6	MÁY KHOAN ĐÁ, MÁY NÉN KHÍ		ROCK DRILL, AIR COMPRESSOR		2016-03-28 04:35:49.72038	2016-03-28 04:35:49.72038
7	XE Ô TÔ VẬN CHUYỂN		DUTY TRUCKS		2016-03-29 09:46:29.311898	2016-03-29 09:46:29.311898
8	MÁY PHÁT ĐIỆN	09	GENERATOR	09	2016-03-29 09:47:13.048313	2016-03-29 09:47:13.048313
9	MÁY TRỘN BÊ TÔNG	21	CONCRETE MIXER	21	2016-03-29 09:47:47.034612	2016-03-29 09:47:47.034612
10	THIẾT BỊ THI CÔNG MÓNG, MẶT 		FOUNDATION , GROUND CONSTRUCTION EQUIPMENT		2016-03-29 09:54:44.087962	2016-03-29 09:54:44.087962
11	THIẾT BỊ THI CÔNG CẦU	19	BRIDGE CONSTRUCTION EQUIPMENT	19	2016-03-29 09:55:54.879466	2016-03-29 09:55:54.879466
12	CÁC THIẾT BỊ SẢN XUẤT VLXD VÀ KHAI THÁC KHOÁNG SẢN	20	CONSTRUCTION MATERIAL MANUFACTURING EQUIPMENT	20	2016-03-29 09:56:34.639825	2016-03-29 09:56:34.639825
13	CÁC THIẾT BỊ KHÁC		OTHER EQUIPMENT		2016-03-29 09:57:07.550114	2016-03-29 09:57:07.550114
14	THIẾT BỊ THI CÔNG ĐƯỜNG THỦY		WATERWAY CONSTRUCTION EQUIPMENT		2016-03-29 09:58:34.322174	2016-03-29 09:58:34.322174
15	None	None	None	None	2016-03-30 07:02:43.932414	2016-03-30 07:02:43.932414
\.


--
-- Name: category_equipments_id_seq; Type: SEQUENCE SET; Schema: public; Owner: vietren
--

SELECT pg_catalog.setval('category_equipments_id_seq', 15, true);


--
-- Data for Name: companies; Type: TABLE DATA; Schema: public; Owner: vietren
--

COPY companies (id, name_vn, name_en, address_vn, address_en, phone, fax, founding_date, authorized_capital, general_manager_vn, general_manager_en, email, tax_code, business_registration_certificate_no, date_of_issue, place_of_issue_vn, place_of_issue_en, created_at, updated_at, phone_2) FROM stdin;
1	Công Ty Cổ Phần Việt Ren	Viet Ren Joint Stock Company	242 quốc lộ 9, Đông Hà, Quảng Trị	242 Highway 9, Dong Ha City, Quang Tri Provine	053 3850 222	053 3856 777	\N	750000000000.0	Nguyễn Phi Hùng	Nguyen Phi Hung	vrc@vnn.vn	3200115109.0	3200115109.0	\N	Sở KH&ĐT Quảng Trị	Quang Tri Department of Planning & Investment	2016-03-26 03:35:53.080748	2016-03-26 03:35:53.080748	053 2211 052
\.


--
-- Name: companies_id_seq; Type: SEQUENCE SET; Schema: public; Owner: vietren
--

SELECT pg_catalog.setval('companies_id_seq', 1, true);


--
-- Data for Name: equipment; Type: TABLE DATA; Schema: public; Owner: vietren
--

COPY equipment (id, image_url, name_vn, quantity, category_equipment_id, manufacturer_equipment_id, status_vn, capacity, note_vn, name_en, status_en, note_en, created_at, updated_at) FROM stdin;
2	\N	MÁY ĐÀO BÁNH XÍCH KOBELCO	21	1	1		0,8 - 1,8 m3		KOBELCO CRAWLER EXCAVATOR			2016-03-28 06:11:55.531394	2016-03-29 10:02:20.024285
1	\N	MÁY ĐÀO BÁNH XÍCH KOMATSU  	24	1	1		0,8 - 1,6 m3		KOMATSU CRAWLER EXCAVATOR			2016-03-28 06:10:52.436686	2016-03-29 10:02:49.622297
3	\N	MÁY ĐÀO BÁNH XÍCH HITACHI  	21	1	1		0,7 - 2,3 m3		HITACHI CRAWLER EXCAVATOR			2016-03-29 10:04:08.408348	2016-03-29 10:04:08.408348
4	\N	MÁY ĐÀO BÁNH XÍCH CATERPILLAR 	32	1	2		1,25 - 1,6 m3		CATERPILLARCRAWLER EXCAVATOR			2016-03-29 10:05:05.43422	2016-03-29 10:05:05.43422
5	\N	MÁY ĐÀO BÁNH XÍCH SUMITOMO 	11	1	1		1,2 - 1,4 m3		SUMITOMO CRAWLER EXCAVATOR			2016-03-29 10:06:20.161125	2016-03-29 10:06:20.161125
6	\N	MÁY ĐÀO BÁNH LỐP LIPBEE 	2	1	3		0,7 m3		 \t  LIPBEE WHEELED EXCAVATORS			2016-03-29 10:07:05.915464	2016-03-29 10:07:05.915464
7	\N	MÁY XÚC LẬT	15	2	1		2 - 7 m3		WHEEL LOADERS			2016-03-29 16:44:36.656762	2016-03-29 16:44:36.656762
8	\N	MÁY ỦI CATERPILLAR 	17	3	2		140 - 340Cv		CATERPILLAR BULLDOZERS			2016-03-29 16:45:58.600572	2016-03-29 16:45:58.600572
9	\N	MÁY ỦI KOMATSU	65	3	1		90 - 340Cv		KOMATSU BULLDOZERS			2016-03-29 16:47:10.833965	2016-03-29 16:47:10.833965
10	\N	MÁY ỦI T130 	2	3	4		175Cv		T130 BULLDOZERS			2016-03-29 16:48:19.920627	2016-03-29 16:48:19.920627
11	\N	MÁY LU RUNG	18	4	3		25 T		VIBRATION ROLLER			2016-03-29 16:50:03.604193	2016-03-29 16:50:03.604193
12	\N	MÁY LU BÁNH THÉP	22	4	3		8 - 12 T		WHEELS STEEL ROLLER 			2016-03-29 16:50:56.52068	2016-03-29 16:52:41.768656
13	\N	MÁY LU BÁNH LỐP	8	4	1		16 T		WHEEL ROLLER 			2016-03-29 16:55:51.899594	2016-03-29 16:55:51.899594
14	\N	MÁY LU CHÂN CỪU	4	4	1		30 - 45T		SHEEP FOOT ROLLER			2016-03-29 16:57:57.812083	2016-03-29 16:57:57.812083
16	\N	MÁY SAN NISSHA	4	5	1		110Cv		NISSHA LEVELERS			2016-03-29 17:00:29.181073	2016-03-29 17:00:29.181073
15	\N	MÁY SAN KOMATSU	2	5	1		125Cv		KOMATSU LEVELERS			2016-03-29 16:59:06.145727	2016-03-29 17:01:24.167048
17	\N	MÁY SAN MISHUBISHI 	1	5	1				MISHUBISHI LEVELERS			2016-03-29 17:02:20.414554	2016-03-29 17:02:20.414554
18	\N	MÁY SAN CATERPILLAR	3	5	2		140Cv		CATERPILLAR LEVELERS			2016-03-29 17:03:38.572784	2016-03-29 17:03:38.572784
19	\N	MÁY KHOAN ĐÁ TAM ROCK	2	6	2		154Ps		TAM ROCK DRILL 			2016-03-29 17:05:19.891621	2016-03-29 17:06:25.16775
20	\N	MÁY KHOAN ĐÁ TOKYO YUKY	5	6	1		133Ps		TOKYO YUKY ROCK DRILL 			2016-03-29 17:07:42.829838	2016-03-29 17:07:42.829838
21	\N	MÁY KHOAN ĐÁ KOMATSU	4	6	1		133Ps		KOMATSU ROCK DRILL 			2016-03-29 17:12:25.669387	2016-03-29 17:12:25.669387
22	\N	MÁY KHOAN ĐÁ GARDNER 	2	6	1		95Ps		GARDNER ROCK DRILL 			2016-03-30 01:45:05.097334	2016-03-30 01:45:05.097334
23	\N	MÁY KHOAN ĐÁ INGERSOLL	2	6	1		154Ps		INGERSOLL ROCK DRILL 			2016-03-30 01:47:06.775467	2016-03-30 01:47:06.775467
24	\N	MÁY KHOAN ĐÁ FURUKAWA 	3	6	1		176Ps		FURUKAWA ROCK DRILL			2016-03-30 01:48:05.173124	2016-03-30 01:48:05.173124
25	\N	BÚA KHOAN ĐÁ	10	6	4		3 Kg		STONE DRILL HAMMER			2016-03-30 01:48:57.975578	2016-03-30 01:48:57.975578
26	\N	MÁY NÉN KHÍ AIR MAN 	8	6	2		660m3/h		AIR MAN AIR COMPRESSOR			2016-03-30 01:50:00.222324	2016-03-30 01:50:00.222324
27	\N	MÁY NÉN KHÍ DK9 	6	6	4		1200m3/h		DK9 AIR COMPRESSOR			2016-03-30 01:51:13.163645	2016-03-30 01:51:13.163645
28	\N	MÁY NÉN KHÍ DONGFONG	5	6	5		660m3/h		DONGFONG AIR COMPRESSOR			2016-03-30 01:53:22.036616	2016-03-30 01:53:22.036616
29	\N	XE Ô TÔ TỰ ĐỔ HYUNDAI 	14	7	6		23 T		HYUNDAI DUMP TRUCKS			2016-03-30 01:54:32.807601	2016-03-30 01:54:32.807601
30	\N	XE Ô TÔ TỰ ĐỔ HYUNDAI	30	7	6		15 T		HYUNDAI DUMP TRUCKS			2016-03-30 01:55:46.805621	2016-03-30 01:55:46.805621
31	\N	XE Ô TÔ TỰ ĐỔ HOWO	30	7	5		18 T		HOWO DUMP TRUCKS			2016-03-30 01:56:42.46808	2016-03-30 01:56:42.46808
32	\N	XE Ô TÔ TỰ ĐỔ HINO	15	7	1		12 T		HINO DUMP TRUCKS			2016-03-30 01:57:33.426109	2016-03-30 01:57:33.426109
33	\N	XE Ô TÔ TỰ ĐỔ KAMAZ	6	7	4		12 T		KAMAZ DUMP TRUCKS			2016-03-30 01:58:34.261935	2016-03-30 01:58:34.261935
34	\N	XE Ô TÔ TỰ ĐỔ IFA	6	7	3		7 T		IFA DUMP TRUCKS			2016-03-30 01:59:49.875292	2016-03-30 01:59:49.875292
35	\N	XE Ô TÔ TỰ ĐỔ URAL 	3	7	4		12 T		URAL DUMP TRUCKS			2016-03-30 02:02:55.648279	2016-03-30 02:02:55.648279
36	\N	XE Ô TÔ TẢI  HYUNDAI 	7	7	6		2,5-5 T		HYUNDAI TRUCKS			2016-03-30 02:03:51.831369	2016-03-30 02:03:51.831369
37	\N	XE TƯỚI NƯỚC	4	7	6		5 m3		WATER TRUCK			2016-03-30 02:05:57.309768	2016-03-30 02:05:57.309768
38	\N	XE Ô TÔ ĐẦU KÉO	5	7	6		30 T		TRACTOR			2016-03-30 02:08:23.52327	2016-03-30 02:08:23.52327
39	\N	MÁY PHÁT ĐIỆN HG 2900 	5	8	1		50KVA		GENERATOR HG 2900 			2016-03-30 02:12:35.78616	2016-03-30 02:12:35.78616
40	\N	MÁY PHÁT ĐIỆN SH 2000 	1	8	1		15 KVA		GENERATOR SH 2000 			2016-03-30 02:14:51.14575	2016-03-30 02:14:51.14575
41	\N	MÁY PHÁT ĐIỆN EX 2200 	2	8	1		50 KVA		GENERATOR EX 2200 			2016-03-30 02:18:54.359247	2016-03-30 02:18:54.359247
42	\N	MÁY PHÁT ĐIỆN 150KVA 	1	8	5		150 KVA					2016-03-30 02:20:46.003814	2016-03-30 02:20:46.003814
43	\N	MÁY PHÁT ĐIỆN 360KVA	2	8	1		360KVA		GENERATOR 360KVA			2016-03-30 02:24:20.244373	2016-03-30 02:24:20.244373
44	\N	MÁY TRỘN BÊ TÔNG	3	9	3		180 L		CONCRETE MIXER			2016-03-30 02:28:45.190473	2016-03-30 02:58:35.94521
45	\N	MÁY TRỘN BÊ TÔNG	2	9	5		500 L		CONCRETE MIXER			2016-03-30 02:59:37.37512	2016-03-30 02:59:37.37512
46	\N	MÁY TRỘN BÊ TÔNG 12C350	10	9	7		250 L		CONCRETE MIXER 12C350			2016-03-30 03:00:46.192018	2016-03-30 03:00:46.192018
47	\N	MÁY TRỘN BÊ TÔNG JG 150-2	6	9	5		150 L		CONCRETE MIXER JG 150-2			2016-03-30 03:01:42.435342	2016-03-30 03:01:42.435342
48	\N	TRẠM TRỘN BÊ TÔNG NHỰA NÓNG 	4	10	3		60-240 T/h		ASPHALT CONCRETE MIXING PLANT			2016-03-30 03:02:56.279953	2016-03-30 03:02:56.279953
49	\N	TRẠM TRỘN BÊ TÔNG XI MĂNG	2	10	3		30-80m3/h		CEMENT CONCRETE MIXING PLANT			2016-03-30 03:03:44.167737	2016-03-30 03:03:44.167737
50	\N	MÁY RẢI CẤP PHỐI	2	10	5		140Cv		PAVER			2016-03-30 03:05:18.10071	2016-03-30 03:05:18.10071
51	\N	MÁY RẢI BÊ TÔNG NHỰA	4	10	1		60m3/h		 \t  ASPHALT CONCRETE PAVER			2016-03-30 03:06:16.47093	2016-03-30 03:06:16.47093
52	\N	THIẾT BỊ TƯỚI NHỰA	9	10	6		7 T		ASPHALT PAVING EQUIPMENT			2016-03-30 03:08:33.831525	2016-03-30 03:08:33.831525
53	\N	BÚA ĐÓNG CỌC	12	11	1		1.4 - 3.5 T		PILE HAMMER			2016-03-30 03:09:29.657044	2016-03-30 03:09:29.657044
54	\N	MÁY KHOAN CỌC NHỒI	2	11	1		D= 1.0 - 1.5m		BORED PILINGTOOLS‎			2016-03-30 03:10:19.546571	2016-03-30 03:10:19.546571
55	\N	MÁY ÉP CỌC	2	11	1		150 T		PILE PRESSING MACHINES			2016-03-30 03:11:35.910923	2016-03-30 03:11:35.910923
56	\N	CẦN CẨU KATO	3	11	1		20 - 40 T		KATO CRANES			2016-03-30 03:12:45.611618	2016-03-30 03:12:45.611618
57	\N	MÁY BƠM NƯỚC	10	11	5		5 -10 CV		WATER PUMP			2016-03-30 03:16:23.966487	2016-03-30 03:16:23.966487
58	\N	BỘ KHUÔN ĐÚC DẦM	6	11	7		12-33m		SET OF BEAM MOLDS			2016-03-30 03:18:37.064571	2016-03-30 03:18:37.064571
59	\N	ĐẦM BÀN	27	13	5		1,5KW		PLATFORM VIBRATOR			2016-03-30 03:54:27.776708	2016-03-30 03:54:27.776708
60	\N	ĐẦM RUNG	40	13	1		1 KW		VIBRATOR			2016-03-30 04:08:12.812359	2016-03-30 04:08:12.812359
61	\N	MÁY CẮT UỐN THÉP	11	13	7		2,5 KW		STELL BENDER & CUTTER			2016-03-30 04:09:02.033115	2016-03-30 04:09:02.033115
62	\N	MÁY CẮT ỐNG	5	13	7		2,5 KW		PIPE CUTTER			2016-03-30 04:09:57.849778	2016-03-30 04:09:57.849778
63	\N	MÁY HÀN ĐIỆN	13	13	1		23 KW		ELECTRIC WELDER			2016-03-30 04:13:10.34655	2016-03-30 04:13:10.34655
64	\N	MÁY HÀN ĐIỆN	13	13	5		23 KW		ELECTRIC WELDER			2016-03-30 04:14:08.78571	2016-03-30 04:14:08.78571
65	\N	MÁY VẬN THĂNG	12	13	1		1,5T		HOISTS			2016-03-30 06:28:33.255264	2016-03-30 06:28:33.255264
66	\N	ĐẦM CÓC	22	13	1		60-80KG		JUMPING JACK COMPACTOR			2016-03-30 06:33:00.093071	2016-03-30 06:33:00.093071
67	\N	MÁY SƠN KẺ ĐƯỚNG YHK10A	1	13	5		15M2/H		YHK10A ROAD MARKER			2016-03-30 06:44:54.411376	2016-03-30 06:44:54.411376
68	\N	LÒ NẤU SƠN YHK3A 	1	13	5		20KG/H		YHK3A PAINT OVEN			2016-03-30 06:46:02.363447	2016-03-30 06:46:02.363447
69	\N	MÁY ĐO DIỆN TÍCH PRACOMM	1	13	1							2016-03-30 06:46:51.615101	2016-03-30 06:46:51.615101
70	\N	HỆ THỐNG MÁY ĐO ẢNH MẶT ĐẤT	1	13	1							2016-03-30 06:47:38.735466	2016-03-30 06:47:38.735466
71	\N	MÁY ĐỊNH VỊ VỆ TINH GPS	5	13	1							2016-03-30 06:48:26.228248	2016-03-30 06:48:26.228248
74	\N	MÁY NGHIỀN SÀNG ĐÁ 	2	12	1		750T/h					2016-03-30 07:01:25.776601	2016-03-30 07:01:25.776601
75	\N	MÁY NGHIỀN SÀNG ĐÁ 5442	5	12	1		600T/h					2016-03-30 07:02:18.521647	2016-03-30 07:02:18.521647
76	\N	MÁY NGHIỀN SÀNG ĐÁ	6	12	1		300T/h					2016-03-30 07:03:49.633635	2016-03-30 07:03:49.633635
77	\N	DÀN THIẾT BỊ KT QUẶNG VÀNG KOBECO	2	12	1		370T/h					2016-03-30 07:04:23.058663	2016-03-30 07:04:23.058663
78	\N	MÁY NGHIỀN SÀNG ĐÁ Otsuka	2	12	1		800T/h					2016-03-30 07:05:34.358563	2016-03-30 07:05:34.358563
80	\N	CRUSHING AND SCREENING MACHINE	2	12	1		150T/h		CRUSHING AND SCREENING MACHINE			2016-03-30 07:08:26.960758	2016-03-30 07:08:26.960758
79	\N	CMII STONE CRUSHER	3	12	5		20T/h		CMII STONE CRUSHER			2016-03-30 07:06:44.688824	2016-03-30 07:08:49.155592
81	\N		2	12	1		50T/h		CMD186 CRUSHING AND SCREENING MACHINE			2016-03-30 07:09:38.497628	2016-03-30 07:09:38.497628
82	\N		1	12	1		600T/h		5442 CRUSHING AND SCREENING MACHINE			2016-03-30 07:10:14.290867	2016-03-30 07:10:14.290867
83	\N		3	12	1		300T/h		CRUSHING AND SCREENING MACHINE			2016-03-30 07:10:52.449662	2016-03-30 07:10:52.449662
84	\N		2	12	1		350T/h		CRUSHING AND SCREENING MACHINE			2016-03-30 07:11:49.409522	2016-03-30 07:11:49.409522
85	\N		2	12	1		400T/h		 \t  CRUSHING AND SCREENING MACHINE			2016-03-30 07:12:34.761728	2016-03-30 07:12:34.761728
86	\N	MÁY NGHIỀN QUẶNG	2	12	1		650T/h		ORE CRUSHER			2016-03-30 07:14:29.267106	2016-03-30 07:14:29.267106
87	\N	MÁY NGHIỀN QUẶNG	3	12	1		800T/h		ORE CRUSHER			2016-03-30 07:15:30.284674	2016-03-30 07:15:30.284674
\.


--
-- Name: equipment_id_seq; Type: SEQUENCE SET; Schema: public; Owner: vietren
--

SELECT pg_catalog.setval('equipment_id_seq', 87, true);


--
-- Data for Name: finances; Type: TABLE DATA; Schema: public; Owner: vietren
--

COPY finances (id, tag_vn, title_vn, content_vn, tag_en, title_en, content_en, created_at, updated_at) FROM stdin;
1	Tài chính	NĂNG LỰC TÀI CHÍNH	<p><span style="color:#000000"><strong><em>A. T&oacute;m tắt t&agrave;i sản c&oacute; v&agrave; t&agrave;i sản nợ tr&ecirc;n cơ sở b&aacute;o c&aacute;o t&agrave;i ch&iacute;nh đ&atilde; được kiểm to&aacute;n trong 3 năm t&agrave;i ch&iacute;nh vừa qua (2012, 2013,2014):</em></strong></span></p>\r\n\r\n<table border="1" cellpadding="0" cellspacing="0" style="width:100%">\r\n\t<tbody>\r\n\t\t<tr>\r\n\t\t\t<td>\r\n\t\t\t<p style="text-align:center"><span style="color:#000000"><strong>T&ecirc;n t&agrave;i sản</strong></span></p>\r\n\t\t\t</td>\r\n\t\t\t<td>\r\n\t\t\t<p style="text-align:center"><span style="color:#000000"><strong>Năm 2012</strong></span></p>\r\n\t\t\t</td>\r\n\t\t\t<td>\r\n\t\t\t<p style="text-align:center"><span style="color:#000000"><strong>Năm 2013</strong></span></p>\r\n\t\t\t</td>\r\n\t\t\t<td>\r\n\t\t\t<p style="text-align:center"><span style="color:#000000"><strong>Năm 2014</strong></span></p>\r\n\t\t\t</td>\r\n\t\t</tr>\r\n\t\t<tr>\r\n\t\t\t<td>\r\n\t\t\t<p><span style="color:#000000">&nbsp; 1. Tổng số t&agrave;i sản c&oacute;</span></p>\r\n\t\t\t</td>\r\n\t\t\t<td>\r\n\t\t\t<p style="text-align:right"><span style="color:#000000">1.069.210.768.562 &nbsp;&nbsp;</span></p>\r\n\t\t\t</td>\r\n\t\t\t<td>\r\n\t\t\t<p style="text-align:right"><span style="color:#000000">2.044.555.168.906 &nbsp;&nbsp;</span></p>\r\n\t\t\t</td>\r\n\t\t\t<td>\r\n\t\t\t<p style="text-align:right"><span style="color:#000000">2.196.609.195.843 &nbsp;&nbsp;</span></p>\r\n\t\t\t</td>\r\n\t\t</tr>\r\n\t\t<tr>\r\n\t\t\t<td>\r\n\t\t\t<p><span style="color:#000000">&nbsp; 2. T&agrave;i sản c&oacute; lưu động</span></p>\r\n\t\t\t</td>\r\n\t\t\t<td>\r\n\t\t\t<p style="text-align:right"><span style="color:#000000">769.266.519.773 &nbsp;&nbsp;</span></p>\r\n\t\t\t</td>\r\n\t\t\t<td>\r\n\t\t\t<p style="text-align:right"><span style="color:#000000">1.240.465.288.145 &nbsp;&nbsp;</span></p>\r\n\t\t\t</td>\r\n\t\t\t<td>\r\n\t\t\t<p style="text-align:right"><span style="color:#000000">1.026.175.387.985 &nbsp;&nbsp;</span></p>\r\n\t\t\t</td>\r\n\t\t</tr>\r\n\t\t<tr>\r\n\t\t\t<td>\r\n\t\t\t<p><span style="color:#000000">&nbsp; 3. Tổng số t&agrave;i sản nợ</span></p>\r\n\t\t\t</td>\r\n\t\t\t<td>\r\n\t\t\t<p style="text-align:right"><span style="color:#000000">1.069.210.768.562 &nbsp;&nbsp;</span></p>\r\n\t\t\t</td>\r\n\t\t\t<td>\r\n\t\t\t<p style="text-align:right"><span style="color:#000000">2.044.555.168.906 &nbsp;&nbsp;</span></p>\r\n\t\t\t</td>\r\n\t\t\t<td>\r\n\t\t\t<p style="text-align:right"><span style="color:#000000">2.196.609.195.843 &nbsp;&nbsp;</span></p>\r\n\t\t\t</td>\r\n\t\t</tr>\r\n\t\t<tr>\r\n\t\t\t<td>\r\n\t\t\t<p><span style="color:#000000">&nbsp; 4. T&agrave;i sản nợ lưu động</span></p>\r\n\t\t\t</td>\r\n\t\t\t<td>\r\n\t\t\t<p style="text-align:right"><span style="color:#000000">565.086.037.950 &nbsp;&nbsp;</span></p>\r\n\t\t\t</td>\r\n\t\t\t<td>\r\n\t\t\t<p style="text-align:right"><span style="color:#000000">922.600.024.676 &nbsp;&nbsp;</span></p>\r\n\t\t\t</td>\r\n\t\t\t<td>\r\n\t\t\t<p style="text-align:right"><span style="color:#000000">966.080.997.489 &nbsp;&nbsp;</span></p>\r\n\t\t\t</td>\r\n\t\t</tr>\r\n\t\t<tr>\r\n\t\t\t<td>\r\n\t\t\t<p><span style="color:#000000">&nbsp; 5. Nguồn vốn CSH</span></p>\r\n\t\t\t</td>\r\n\t\t\t<td>\r\n\t\t\t<p style="text-align:right"><span style="color:#000000">465.809.215.142 &nbsp;&nbsp;</span></p>\r\n\t\t\t</td>\r\n\t\t\t<td>\r\n\t\t\t<p style="text-align:right"><span style="color:#000000">806.155.945.326 &nbsp;&nbsp;</span></p>\r\n\t\t\t</td>\r\n\t\t\t<td>\r\n\t\t\t<p style="text-align:right"><span style="color:#000000">925.380.757.691 &nbsp;&nbsp;</span></p>\r\n\t\t\t</td>\r\n\t\t</tr>\r\n\t\t<tr>\r\n\t\t\t<td>\r\n\t\t\t<p><span style="color:#000000">&nbsp; 6. Vốn kinh doanh</span></p>\r\n\t\t\t</td>\r\n\t\t\t<td>\r\n\t\t\t<p style="text-align:right"><span style="color:#000000">450.000.000.000 &nbsp;&nbsp;</span></p>\r\n\t\t\t</td>\r\n\t\t\t<td>\r\n\t\t\t<p style="text-align:right"><span style="color:#000000">750.000.000.000 &nbsp;&nbsp;</span></p>\r\n\t\t\t</td>\r\n\t\t\t<td>\r\n\t\t\t<p style="text-align:right"><span style="color:#000000">750.000.000.000 &nbsp;&nbsp;</span></p>\r\n\t\t\t</td>\r\n\t\t</tr>\r\n\t\t<tr>\r\n\t\t\t<td>\r\n\t\t\t<p><span style="color:#000000">&nbsp; 7. Doanh thu</span></p>\r\n\t\t\t</td>\r\n\t\t\t<td>\r\n\t\t\t<p style="text-align:right"><span style="color:#000000">382.390.940.272 &nbsp;&nbsp;</span></p>\r\n\t\t\t</td>\r\n\t\t\t<td>\r\n\t\t\t<p style="text-align:right"><span style="color:#000000">613.415.644.055 &nbsp;&nbsp;</span></p>\r\n\t\t\t</td>\r\n\t\t\t<td>\r\n\t\t\t<p style="text-align:right"><span style="color:#000000">907.157.043.261 &nbsp;&nbsp;</span></p>\r\n\t\t\t</td>\r\n\t\t</tr>\r\n\t\t<tr>\r\n\t\t\t<td>\r\n\t\t\t<p><span style="color:#000000">&nbsp; 8. Lợi nhuận trước thuế</span></p>\r\n\t\t\t</td>\r\n\t\t\t<td>\r\n\t\t\t<p style="text-align:right"><span style="color:#000000">6.454.251.728 &nbsp;&nbsp;</span></p>\r\n\t\t\t</td>\r\n\t\t\t<td>\r\n\t\t\t<p style="text-align:right"><span style="color:#000000">12.337.675.292 &nbsp;&nbsp;</span></p>\r\n\t\t\t</td>\r\n\t\t\t<td>\r\n\t\t\t<p style="text-align:right"><span style="color:#000000">15.149.522.622 &nbsp;&nbsp;</span></p>\r\n\t\t\t</td>\r\n\t\t</tr>\r\n\t\t<tr>\r\n\t\t\t<td>\r\n\t\t\t<p><span style="color:#000000">&nbsp; 9. Lợi nhuận sau thuế</span></p>\r\n\t\t\t</td>\r\n\t\t\t<td>\r\n\t\t\t<p style="text-align:right"><span style="color:#000000">5.324.757.676 &nbsp;&nbsp;</span></p>\r\n\t\t\t</td>\r\n\t\t\t<td>\r\n\t\t\t<p style="text-align:right"><span style="color:#000000">9.253.256.469 &nbsp;&nbsp;</span></p>\r\n\t\t\t</td>\r\n\t\t\t<td>\r\n\t\t\t<p style="text-align:right"><span style="color:#000000">11.782.965.774 &nbsp;&nbsp;</span></p>\r\n\t\t\t</td>\r\n\t\t</tr>\r\n\t</tbody>\r\n</table>\r\n\r\n<p>&nbsp;</p>\r\n\r\n<p><span style="color:#000000"><strong><em>B. T&iacute;n dụng v&agrave; hợp đồng:</em></strong></span></p>\r\n\r\n<p><span style="color:#000000"><strong>1. T&ecirc;n v&agrave; địa chỉ ng&acirc;n h&agrave;ng thương mại cung cấp t&iacute;n dụng:</strong><br />\r\n<strong>- Ng&acirc;n h&agrave;ng Đầu tư&nbsp;&amp;&nbsp;Ph&aacute;t triển Quảng Trị</strong><br />\r\nĐịa chỉ: Số 24 H&ugrave;ng Vương - TP Đ&ocirc;ng H&agrave; - Tỉnh Quảng Trị<br />\r\nĐiện thoại: 053.3850841<br />\r\nFax: 053.3851512</span></p>\r\n\r\n<p><span style="color:#000000"><strong>- Ng&acirc;n h&agrave;ng TMCP C&ocirc;ng thương Quảng Trị</strong><br />\r\nĐịa chỉ: 236 H&ugrave;ng Vương - TP Đ&ocirc;ng H&agrave; - Tỉnh Quảng Trị<br />\r\nĐiện thoại: 053.3550807<br />\r\nFax: 053.3550802</span></p>\r\n\r\n<p><span style="color:#000000"><strong>- Ng&acirc;n h&agrave;ng N&ocirc;ng nghiệp &amp; PTNT Quảng Trị</strong><br />\r\nĐịa chỉ: 1A L&ecirc; Qu&yacute; Đ&ocirc;n - TP Đ&ocirc;ng H&agrave; - Tỉnh Quảng Trị<br />\r\nĐiện thoại: 053.3854423<br />\r\nFax: 053.3856349</span></p>\r\n\r\n<p><span style="color:#000000"><strong>- Ng&acirc;n h&agrave;ng TMCP Ngoại thương Quảng Trị</strong><br />\r\nĐịa chỉ: 51 Trần Hưng Đạo - TP Đ&ocirc;ng H&agrave; - Tỉnh Quảng Trị<br />\r\nĐiện thoại: 053.3777528<br />\r\nFax: 053.3555726</span></p>\r\n\r\n<p><span style="color:#000000"><strong>- Ng&acirc;n h&agrave;ng TMCP Bảo Việt chi nh&aacute;nh Đ&agrave; Nẵng</strong><br />\r\nĐịa chỉ: 86-88 Nguyễn Văn Linh &ndash; Tp Đ&agrave; Nẵng<br />\r\nĐiện thoại: 0511.3538988<br />\r\nFax: 0511.3539988</span></p>\r\n\r\n<p><span style="color:#000000">2. Tổng số tiền t&iacute;n dụng:&nbsp;630.000.000.000&nbsp;đồng (S&aacute;u trăm ba mươi tỷ đồng)<br />\r\nC. T&igrave;nh h&igrave;nh T&agrave;i ch&iacute;nh:</span></p>\r\n\r\n<p><span style="color:#000000">C&ocirc;ng ty được th&agrave;nh lập dựa tr&ecirc;n nguồn vốn đầu tư của c&aacute;c cổ đ&ocirc;ng độc lập với c&aacute;c đơn vị, c&aacute; nh&acirc;n kh&aacute;c. Trong nhiều năm qua C&ocirc;ng ty sản xuất kinh doanh c&oacute; l&atilde;i, c&acirc;n đối được nguồn t&agrave;i ch&iacute;nh. C&ocirc;ng ty lu&ocirc;n ho&agrave;n th&agrave;nh xuất sắc c&aacute;c nghĩa vụ ng&acirc;n s&aacute;ch được tỉnh Quảng Trị giao, l&agrave; một trong những đơn vị c&oacute; số nộp ng&acirc;n s&aacute;ch cao nhất tỉnh. Được tặng giấy khen, bằng khen của c&aacute;c cơ quan: Cục thuế Quảng Trị, UBND tỉnh Quảng Trị, Tổng Cục thuế, Bộ T&agrave;i ch&iacute;nh, Thủ tướng Ch&iacute;nh phủ,...</span></p>\r\n\r\n<p><span style="color:#000000">T&igrave;nh h&igrave;nh sản xuất ổn định tăng trưởng c&oacute; hiệu quả n&ecirc;n C&ocirc;ng ty đ&atilde; được c&aacute;c tổ chức t&iacute;n dụng, c&aacute;c nh&agrave; cung cấp đ&aacute;nh gi&aacute; cao về uy t&iacute;n trong t&iacute;n dụng ng&acirc;n h&agrave;ng cũng như t&iacute;n dụng thương mại.</span></p>\r\n\r\n<p><span style="color:#000000">Năng lực t&agrave;i ch&iacute;nh l&agrave;nh mạnh, ổn định l&agrave; điều kiện thuận lợi để C&ocirc;ng ty sẵn s&agrave;ng tham gia c&aacute;c dự &aacute;n đầu tư, x&acirc;y dựng c&aacute;c c&ocirc;ng tr&igrave;nh c&oacute; quy m&ocirc; lớn.</span></p>\r\n	Finance	FINANCIAL SITUATION	<p><strong><em>A. Summary of assets and liabilities on financial reports that have been verified in last 3 financial years &nbsp;(2012, 2013,2014):</em></strong></p>\r\n\r\n<p style="text-align:right">Unit: 1000VND</p>\r\n\r\n<table border="1" cellpadding="0" cellspacing="0" style="line-height:20px; width:100%">\r\n\t<tbody>\r\n\t\t<tr>\r\n\t\t\t<td style="height:34px; width:205px">\r\n\t\t\t<p style="text-align:center"><strong>Name of property</strong></p>\r\n\t\t\t</td>\r\n\t\t\t<td style="height:34px; width:161px">\r\n\t\t\t<p style="text-align:center"><strong>2012</strong></p>\r\n\t\t\t</td>\r\n\t\t\t<td style="height:34px; width:146px">\r\n\t\t\t<p style="text-align:center"><strong>2013</strong></p>\r\n\t\t\t</td>\r\n\t\t\t<td style="height:34px; width:146px">\r\n\t\t\t<p style="text-align:center"><strong>2014</strong></p>\r\n\t\t\t</td>\r\n\t\t</tr>\r\n\t\t<tr>\r\n\t\t\t<td style="height:27px; width:205px">\r\n\t\t\t<p>&nbsp; 1. Total Assets</p>\r\n\t\t\t</td>\r\n\t\t\t<td style="height:27px; width:161px">\r\n\t\t\t<p style="text-align:right">1,069,210,768 &nbsp;&nbsp;</p>\r\n\t\t\t</td>\r\n\t\t\t<td style="height:27px; width:146px">\r\n\t\t\t<p style="text-align:right">2,044,555,168 &nbsp;&nbsp;</p>\r\n\t\t\t</td>\r\n\t\t\t<td style="height:27px; width:146px">\r\n\t\t\t<p style="text-align:right">2,196,609,195 &nbsp;&nbsp;</p>\r\n\t\t\t</td>\r\n\t\t</tr>\r\n\t\t<tr>\r\n\t\t\t<td style="height:28px; width:205px">\r\n\t\t\t<p>&nbsp; &nbsp;2. Current Assets</p>\r\n\t\t\t</td>\r\n\t\t\t<td style="height:28px; width:161px">\r\n\t\t\t<p style="text-align:right">796,266,519 &nbsp;&nbsp;</p>\r\n\t\t\t</td>\r\n\t\t\t<td style="height:28px; width:146px">\r\n\t\t\t<p style="text-align:right">1,240,465,288 &nbsp;&nbsp;</p>\r\n\t\t\t</td>\r\n\t\t\t<td style="height:28px; width:146px">\r\n\t\t\t<p style="text-align:right">1,026,175,387 &nbsp;&nbsp;</p>\r\n\t\t\t</td>\r\n\t\t</tr>\r\n\t\t<tr>\r\n\t\t\t<td style="height:28px; width:205px">\r\n\t\t\t<p>&nbsp; &nbsp;3. Total Liabilities</p>\r\n\t\t\t</td>\r\n\t\t\t<td style="height:28px; width:161px">\r\n\t\t\t<p style="text-align:right">603,401,553 &nbsp;&nbsp;</p>\r\n\t\t\t</td>\r\n\t\t\t<td style="height:28px; width:146px">\r\n\t\t\t<p style="text-align:right">2,044,555,168 &nbsp;&nbsp;</p>\r\n\t\t\t</td>\r\n\t\t\t<td style="height:28px; width:146px">\r\n\t\t\t<p style="text-align:right">2,196,609,195 &nbsp;&nbsp;</p>\r\n\t\t\t</td>\r\n\t\t</tr>\r\n\t\t<tr>\r\n\t\t\t<td style="height:28px; width:205px">\r\n\t\t\t<p>&nbsp; &nbsp;4. Current Liabilities</p>\r\n\t\t\t</td>\r\n\t\t\t<td style="height:28px; width:161px">\r\n\t\t\t<p style="text-align:right">565,086,037 &nbsp;&nbsp;</p>\r\n\t\t\t</td>\r\n\t\t\t<td style="height:28px; width:146px">\r\n\t\t\t<p style="text-align:right">922,600,024 &nbsp;&nbsp;</p>\r\n\t\t\t</td>\r\n\t\t\t<td style="height:28px; width:146px">\r\n\t\t\t<p style="text-align:right">966,080,997 &nbsp;&nbsp;</p>\r\n\t\t\t</td>\r\n\t\t</tr>\r\n\t\t<tr>\r\n\t\t\t<td style="height:28px; width:205px">\r\n\t\t\t<p>&nbsp; &nbsp;5. Owner capital</p>\r\n\t\t\t</td>\r\n\t\t\t<td style="height:28px; width:161px">\r\n\t\t\t<p style="text-align:right">465,809,215 &nbsp;&nbsp;</p>\r\n\t\t\t</td>\r\n\t\t\t<td style="height:28px; width:146px">\r\n\t\t\t<p style="text-align:right">806,155,945 &nbsp;&nbsp;</p>\r\n\t\t\t</td>\r\n\t\t\t<td style="height:28px; width:146px">\r\n\t\t\t<p style="text-align:right">925,380,757 &nbsp;&nbsp;</p>\r\n\t\t\t</td>\r\n\t\t</tr>\r\n\t\t<tr>\r\n\t\t\t<td style="height:27px; width:205px">\r\n\t\t\t<p>&nbsp; &nbsp;6. Charter capital</p>\r\n\t\t\t</td>\r\n\t\t\t<td style="height:27px; width:161px">\r\n\t\t\t<p style="text-align:right">450,000,000 &nbsp;&nbsp;</p>\r\n\t\t\t</td>\r\n\t\t\t<td style="height:27px; width:146px">\r\n\t\t\t<p style="text-align:right">750,000,000 &nbsp;&nbsp;</p>\r\n\t\t\t</td>\r\n\t\t\t<td style="height:27px; width:146px">\r\n\t\t\t<p style="text-align:right">750,000,000 &nbsp;&nbsp;</p>\r\n\t\t\t</td>\r\n\t\t</tr>\r\n\t\t<tr>\r\n\t\t\t<td style="height:27px; width:205px">\r\n\t\t\t<p>&nbsp; &nbsp;6. Total Revenue</p>\r\n\t\t\t</td>\r\n\t\t\t<td style="height:27px; width:161px">\r\n\t\t\t<p style="text-align:right">382,390,940 &nbsp;&nbsp;</p>\r\n\t\t\t</td>\r\n\t\t\t<td style="height:27px; width:146px">\r\n\t\t\t<p style="text-align:right">613,415,644 &nbsp;&nbsp;</p>\r\n\t\t\t</td>\r\n\t\t\t<td style="height:27px; width:146px">\r\n\t\t\t<p style="text-align:right">907,157,043 &nbsp;&nbsp;</p>\r\n\t\t\t</td>\r\n\t\t</tr>\r\n\t\t<tr>\r\n\t\t\t<td style="height:27px; width:205px">\r\n\t\t\t<p>&nbsp; &nbsp;7. Profit before tax</p>\r\n\t\t\t</td>\r\n\t\t\t<td style="height:27px; width:161px">\r\n\t\t\t<p style="text-align:right">6,454,251 &nbsp;&nbsp;</p>\r\n\t\t\t</td>\r\n\t\t\t<td style="height:27px; width:146px">\r\n\t\t\t<p style="text-align:right">12,337,675 &nbsp;&nbsp;</p>\r\n\t\t\t</td>\r\n\t\t\t<td style="height:27px; width:146px">\r\n\t\t\t<p style="text-align:right">15,149,522 &nbsp;&nbsp;</p>\r\n\t\t\t</td>\r\n\t\t</tr>\r\n\t\t<tr>\r\n\t\t\t<td style="height:27px; width:205px">\r\n\t\t\t<p>&nbsp; &nbsp;8. Profit after tax</p>\r\n\t\t\t</td>\r\n\t\t\t<td style="height:27px; width:161px">\r\n\t\t\t<p style="text-align:right">5,324,757 &nbsp;&nbsp;</p>\r\n\t\t\t</td>\r\n\t\t\t<td style="height:27px; width:146px">\r\n\t\t\t<p style="text-align:right">9,253,256 &nbsp;&nbsp;</p>\r\n\t\t\t</td>\r\n\t\t\t<td style="height:27px; width:146px">\r\n\t\t\t<p style="text-align:right">11,782,965 &nbsp;&nbsp;</p>\r\n\t\t\t</td>\r\n\t\t</tr>\r\n\t</tbody>\r\n</table>\r\n	2016-03-26 03:35:53.727265	2016-03-28 07:28:11.714388
\.


--
-- Name: finances_id_seq; Type: SEQUENCE SET; Schema: public; Owner: vietren
--

SELECT pg_catalog.setval('finances_id_seq', 1, true);


--
-- Data for Name: galleries; Type: TABLE DATA; Schema: public; Owner: vietren
--

COPY galleries (id, type_vn, title_vn, description_vn, gallery_detail_id, type_en, title_en, description_en, created_at, updated_at, image_url) FROM stdin;
2	Hình ảnh các dự án đầu tư	DỰ ÁN KHAI THÁC VÀNG TẠI LÀO		\N	Pictures of investment projects			2016-03-28 06:03:47.329728	2016-03-28 06:04:31.071109	DSC04553.JPG
3	Hình ảnh các công trình thi công	Công trình Quốc Lộ 20 Lâm Đồng - Đồng Nai		\N	Pictures of investment projects			2016-03-28 06:09:04.145323	2016-03-28 06:09:04.145323	DSCF3148.jpg
1	Hình ảnh các dự án đầu tư	Các Dự án thi công công trình đường thủy		\N	Pictures of investment projects			2016-03-28 05:59:34.086122	2016-03-29 04:01:36.804145	Phao___t_c_u_HO_NG_D__NG_08.JPG
\.


--
-- Name: galleries_id_seq; Type: SEQUENCE SET; Schema: public; Owner: vietren
--

SELECT pg_catalog.setval('galleries_id_seq', 4, true);


--
-- Data for Name: gallery_details; Type: TABLE DATA; Schema: public; Owner: vietren
--

COPY gallery_details (id, image_url, gallery_id, created_at, updated_at) FROM stdin;
1	Phao___t_c_u_HO_NG_D__NG_08.JPG	1	2016-03-28 05:59:34.114238	2016-03-28 05:59:34.114238
2	Phao___t_c_u_VIETREN_TC_01.JPG	1	2016-03-28 05:59:34.193789	2016-03-28 05:59:34.193789
3	Phao___t_c_u_VIETREN_TC-02.JPG	1	2016-03-28 05:59:34.218956	2016-03-28 05:59:34.218956
4	Phao___t_c_u_VIETREN_TC-03.JPG	1	2016-03-28 05:59:34.236644	2016-03-28 05:59:34.236644
5	Phao___t_c_u_VIETREN_TC-04.JPG	1	2016-03-28 05:59:34.245984	2016-03-28 05:59:34.245984
6	T_u_k_o___y_TG13317.JPG	1	2016-03-28 05:59:34.25456	2016-03-28 05:59:34.25456
7	T_u_k_o___y_VIETREN_TK-01.JPG	1	2016-03-28 05:59:34.262794	2016-03-28 05:59:34.262794
8	T_u_x____y_t__h_nh_TH_I_B_NH_D__NG_05.JPG	1	2016-03-28 05:59:34.271634	2016-03-28 05:59:34.271634
9	T_u_x____y_t__h_nh_VIETREN_TH-01.JPG	1	2016-03-28 05:59:34.279825	2016-03-28 05:59:34.279825
10	T_u_x____y_t__h_nh_VIETREN_TH-02.JPG	1	2016-03-28 05:59:34.292395	2016-03-28 05:59:34.292395
26	DSCF3148.jpg	3	2016-03-28 06:09:04.148351	2016-03-28 06:09:04.148351
27	DSCF3152.jpg	3	2016-03-28 06:09:04.1812	2016-03-28 06:09:04.1812
28	IMG_0527.JPG	3	2016-03-28 06:09:04.194863	2016-03-28 06:09:04.194863
29	IMG_0530.JPG	3	2016-03-28 06:09:04.20301	2016-03-28 06:09:04.20301
30	IMG_0535.JPG	3	2016-03-28 06:09:04.21153	2016-03-28 06:09:04.21153
31	IMG_0542.JPG	3	2016-03-28 06:09:04.222014	2016-03-28 06:09:04.222014
32	IMG_0548.JPG	3	2016-03-28 06:09:04.23026	2016-03-28 06:09:04.23026
33	IMG_0551.JPG	3	2016-03-28 06:09:04.240536	2016-03-28 06:09:04.240536
34	IMG_0571.JPG	3	2016-03-28 06:09:04.250673	2016-03-28 06:09:04.250673
35	IMG_0573.JPG	3	2016-03-28 06:09:04.257996	2016-03-28 06:09:04.257996
36	IMG_0604.JPG	3	2016-03-28 06:09:04.26529	2016-03-28 06:09:04.26529
37	IMG_0608.JPG	3	2016-03-28 06:09:04.272725	2016-03-28 06:09:04.272725
38	IMG_0645.JPG	3	2016-03-28 06:09:04.280415	2016-03-28 06:09:04.280415
39	DSC04553.JPG	2	2016-03-29 10:05:49.795214	2016-03-29 10:05:49.795214
40	DSC04558.JPG	2	2016-03-29 10:05:49.811709	2016-03-29 10:05:49.811709
41	DSC04566.JPG	2	2016-03-29 10:05:49.822729	2016-03-29 10:05:49.822729
42	DSC04575.JPG	2	2016-03-29 10:05:49.836278	2016-03-29 10:05:49.836278
43	DSC04586.JPG	2	2016-03-29 10:05:49.848787	2016-03-29 10:05:49.848787
44	DSC04587.JPG	2	2016-03-29 10:05:49.859366	2016-03-29 10:05:49.859366
45	DSC04600.JPG	2	2016-03-29 10:05:49.892634	2016-03-29 10:05:49.892634
46	DSC04621.JPG	2	2016-03-29 10:05:49.906557	2016-03-29 10:05:49.906557
47	DSC04625.JPG	2	2016-03-29 10:05:49.920321	2016-03-29 10:05:49.920321
48	DSC04626.JPG	2	2016-03-29 10:05:49.934283	2016-03-29 10:05:49.934283
49	DSC04632.JPG	2	2016-03-29 10:05:49.946467	2016-03-29 10:05:49.946467
50	DSC04634.JPG	2	2016-03-29 10:05:49.9589	2016-03-29 10:05:49.9589
51	DSC04645.JPG	2	2016-03-29 10:05:50.230047	2016-03-29 10:05:50.230047
52	xuong_luyen_kim_2.JPG	2	2016-03-29 10:05:50.240159	2016-03-29 10:05:50.240159
53	xuong_luyen_kim_3.JPG	2	2016-03-29 10:05:50.252017	2016-03-29 10:05:50.252017
\.


--
-- Name: gallery_details_id_seq; Type: SEQUENCE SET; Schema: public; Owner: vietren
--

SELECT pg_catalog.setval('gallery_details_id_seq', 53, true);


--
-- Data for Name: information; Type: TABLE DATA; Schema: public; Owner: vietren
--

COPY information (id, type_vn, type_en, title_vn, content_vn, title_en, content_en, created_at, updated_at, image_url) FROM stdin;
1	Tin chuyên ngành	Specialized News	 Thi công xuyên Tết trên công trường QL20	<p>&nbsp;</p>\r\n\r\n<table align="center">\r\n\t<tbody>\r\n\t\t<tr>\r\n\t\t\t<td><img alt="Thứ trưởng Bộ GTVT Nguyễn Ngọc Đông trao quà động viên cán bộ công nhân viên thi công trên công trường QL20." src="http://media.baogiaothong.vn/files/f1/2015/01/02/thi-cong-xuyen-tet-tren-cong-truong-ql20-1.gif" /></td>\r\n\t\t</tr>\r\n\t\t<tr>\r\n\t\t\t<td>Thứ trưởng Bộ GTVT Nguyễn Ngọc Đ&ocirc;ng trao qu&agrave; động vi&ecirc;n c&aacute;n bộ c&ocirc;ng nh&acirc;n vi&ecirc;n C&ocirc;ng ty Cổ phần Việt Ren đơn vị thi c&ocirc;ng tr&ecirc;n c&ocirc;ng trường QL20.</td>\r\n\t\t</tr>\r\n\t</tbody>\r\n</table>\r\n\r\n<p><strong>Thi c&ocirc;ng xuy&ecirc;n Tết</strong></p>\r\n\r\n<p>Tr&ecirc;n c&ocirc;ng trường thi c&ocirc;ng dự &aacute;n cải tạo, mở rộng QL20 Thứ trưởng Nguyễn Ngọc Đ&ocirc;ng gửi lời ch&uacute;c mừng năm mới đến tất cả c&aacute;n bộ, c&ocirc;ng nh&acirc;n vi&ecirc;n trực tiếp l&agrave;m việc tr&ecirc;n c&ocirc;ng trường. Ghi nhận của PV&nbsp;<em><strong>B&aacute;o Giao th&ocirc;ng</strong></em>&nbsp;cho thấy, d&ugrave; l&agrave; ng&agrave;y đầu năm mới nhưng kh&ocirc;ng kh&iacute; thi c&ocirc;ng tr&ecirc;n c&ocirc;ng trường dự &aacute;n cải mở rộng QL20 đoạn qua TP Bảo Lộc (L&acirc;m Đồng) - Đồng Nai thật khẩn trương.</p>\r\n\r\n<p>Đi dọc tuyến QL20, do đường đ&atilde; được thảm nhựa n&ecirc;n c&aacute;c phương tiện lưu th&ocirc;ng &ecirc;m thuận thay cho những h&igrave;nh ảnh đường ổ voi, ổ g&agrave;&hellip; đường bụi m&ugrave; v&igrave; đường đang thi c&ocirc;ng c&aacute;ch đ&acirc;y nhiều th&aacute;ng. B&aacute;o c&aacute;o với Đo&agrave;n c&ocirc;ng t&aacute;c &ocirc;ng Ho&agrave;ng Tuấn Kho&aacute;t- Ph&oacute; TGĐ Ban QLDA 7 (Ban 7) cho biết: việc thi c&ocirc;ng dự &aacute;n vẫn theo đ&uacute;ng kế hoạch. Đơn vị đ&atilde; cơ bản thi c&ocirc;ng xong phần mở rộng nền đường v&agrave; rải m&oacute;ng cấp phối đ&aacute; dăm. C&aacute;c c&acirc;y cầu tr&ecirc;n tuyến đ&atilde; cơ bản thi c&ocirc;ng xong kết cấu hạ bộ v&agrave; đang được đẩy nhanh tiến độ.</p>\r\n\r\n<p>Tại c&ocirc;ng trường cầu La Ng&agrave;- c&acirc;y cầu c&oacute; quy m&ocirc; lớn nhất tr&ecirc;n QL20, &ocirc;ng Nguyễn B&aacute; Hồng- Chỉ huy trưởng thi c&ocirc;ng cầu cho biết: Hiện nay cầu La Ng&agrave; đ&atilde; đạt tr&ecirc;n 80% khối lượng. C&ocirc;ng t&aacute;c thi c&ocirc;ng đang rất khẩn trương, nh&agrave; thầu đang triển khai 3 ca với 9 mũi thi c&ocirc;ng đẩy nhanh tiến độ. &nbsp;</p>\r\n\r\n<table align="center">\r\n\t<tbody>\r\n\t\t<tr>\r\n\t\t\t<td><img alt="Ông Nguyễn Đức Hanh-Ủy viên Ban Thường vụ Công đoàn GTVT động viên cán bộ thi công cầu La Ngà." src="http://media.baogiaothong.vn/files/f1/2015/01/02/thi-cong-xuyen-tet-tren-cong-truong-ql20-2.gif" /></td>\r\n\t\t</tr>\r\n\t\t<tr>\r\n\t\t\t<td>&Ocirc;ng Nguyễn Đức Hanh- Ủy vi&ecirc;n Ban Thường vụ C&ocirc;ng đo&agrave;n GTVT động vi&ecirc;n c&aacute;n bộ thi c&ocirc;ng cầu La Ng&agrave;.</td>\r\n\t\t</tr>\r\n\t</tbody>\r\n</table>\r\n\r\n<p>Với tiến độ hiện tại, dự kiến ng&agrave;y 15/1 sẽ tiến h&agrave;nh hợp long v&agrave; ho&agrave;n thiện to&agrave;n bộ cầu La Ng&agrave; v&agrave;o th&aacute;ng 2/2015. &ldquo;Hiện nay phần đường dẫn cầu (đoạn đầu cầu hướng về Dầu Gi&acirc;y) vẫn c&ograve;n vướng 11 hộ chưa giao mặt bằng n&ecirc;n cũng g&acirc;y kh&oacute; khăn cho c&ocirc;ng t&aacute;c thi c&ocirc;ng. Ban 7 v&agrave; chủ đầu tư đang tiếp tục phối hợp với địa phương để sớm c&oacute; mặt bằng b&agrave;n giao cho nh&agrave; thầu thi c&ocirc;ng ho&agrave;n thiện phần đường dẫn&rdquo;, &ocirc;ng Hồng n&oacute;i.</p>\r\n\r\n<p><strong>Đẩy nhanh thi c&ocirc;ng c&aacute;c c&acirc;y cầu</strong></p>\r\n\r\n<p>&Ocirc;ng Ho&agrave;ng Tuấn Kho&aacute;t- Ph&oacute; TGĐ Ban 7 cho biết th&ecirc;m, đối với c&aacute;c đoạn đ&atilde; thi c&ocirc;ng xong lớp đ&aacute; dăm đen, Ban 7 v&agrave; nh&agrave; đầu tư đ&atilde; chỉ đạo nh&agrave; thầu sơn tạm vạch kẻ tim đường v&agrave; kh&ocirc;i phục, lắp đặt hệ thống biển b&aacute;o hiệu đường bộ để đảm bảo c&ocirc;ng t&aacute;c ATGT.</p>\r\n\r\n<table align="center">\r\n\t<tbody>\r\n\t\t<tr>\r\n\t\t\t<td><img alt="Công trường QL20 vẫn nhộn nhịp thi công trong ngày Tết Dương lịch 2015." src="http://media.baogiaothong.vn/files/f1/2015/01/02/thi-cong-xuyen-tet-tren-cong-truong-ql20-3.gif" /></td>\r\n\t\t</tr>\r\n\t\t<tr>\r\n\t\t\t<td>C&ocirc;ng trường QL20 vẫn nhộn nhịp thi c&ocirc;ng trong ng&agrave;y Tết Dương lịch 2015.</td>\r\n\t\t</tr>\r\n\t</tbody>\r\n</table>\r\n\r\n<p>Mặc d&ugrave; c&ograve;n nhiều kh&oacute; khăn do khan hiếm vật liệu đ&aacute; x&acirc;y dựng đạt ti&ecirc;u chuẩn do c&ugrave;ng l&uacute;c triển khai nhiều dự &aacute;n c&oacute; nhu cầu lớn; m&ugrave;a mưa k&eacute;o d&agrave;i bất thường&hellip; nhưng chủ đầu tư v&agrave; c&aacute;c nh&agrave; thầu đồng t&acirc;m hiệp lực phấn đấu th&ocirc;ng xe to&agrave;n tuyến trước Tết Nguy&ecirc;n đ&aacute;n cơ bản ho&agrave;n th&agrave;nh v&agrave; th&ocirc;ng xe to&agrave;n tuyến.&nbsp;</p>\r\n\r\n<table align="center">\r\n\t<tbody>\r\n\t\t<tr>\r\n\t\t\t<td><img alt="Ngoài việc động viên cán bộ thi công trên tuyến QL20, Thứ trưởng Nguyễn Ngọc Đông cũng yêu cầu các nhà thầu tăng cường công tác thi công các cây cầu trên tuyến." src="http://media.baogiaothong.vn/files/f1/2015/01/02/thi-cong-xuyen-tet-tren-cong-truong-ql20-4.gif" /></td>\r\n\t\t</tr>\r\n\t\t<tr>\r\n\t\t\t<td>Ngo&agrave;i việc động vi&ecirc;n c&aacute;n bộ thi c&ocirc;ng tr&ecirc;n tuyến QL20, Thứ trưởng Nguyễn Ngọc Đ&ocirc;ng cũng y&ecirc;u cầu c&aacute;c nh&agrave; thầu tăng cường c&ocirc;ng t&aacute;c thi c&ocirc;ng c&aacute;c c&acirc;y cầu tr&ecirc;n tuyến.</td>\r\n\t\t</tr>\r\n\t</tbody>\r\n</table>\r\n\r\n<p>Sau khi kiểm tra tiến độ thi c&ocirc;ng v&agrave; động vi&ecirc;n tinh thần c&aacute;n bộ, c&ocirc;ng nh&acirc;n vi&ecirc;n thi c&ocirc;ng tr&ecirc;n c&ocirc;ng trường Thứ trưởng Nguyễn Ngọc Đ&ocirc;ng cũng y&ecirc;u cầu chủ đầu tư v&agrave; c&aacute;c nh&agrave; thầu tăng cường thiết bị m&aacute;y m&oacute;c đẩy nhanh tiến độ thi c&ocirc;ng đặc biệt l&agrave; c&aacute;c c&acirc;y cầu tr&ecirc;n tuyến.</p>\r\n\r\n<p>&ldquo;Đối với cầu La Ng&agrave; v&agrave; c&aacute;c c&acirc;y cầu tr&ecirc;n tuyến, phải th&ocirc;ng xe kỹ thuật v&agrave;o cuối th&aacute;ng 1/2015. Chủ đầu tư phải sớm ho&agrave;n tất c&aacute;c hạng mục cuối c&ugrave;ng để sớm ho&agrave;n th&agrave;nh dự &aacute;n đưa v&agrave;o sử dụng nhằm tạo thuận lợi cho người d&acirc;n đi lại&rdquo;, Thứ trưởng Đ&ocirc;ng n&oacute;i.</p>\r\n\r\n<p><strong>Vĩnh Ph&uacute; - Phan Tư</strong></p>\r\n			2016-03-26 03:35:53.554559	2016-03-28 05:50:24.902619	thi-cong-xuyen-tet-tren-cong-truong-ql20-1.gif
2	Tin chuyên ngành	Specialized News	Từ TP HCM tới Đà Lạt chỉ mất 5 giờ chạy xe	<p>&nbsp;</p>\r\n\r\n<table>\r\n\t<tbody>\r\n\t\t<tr>\r\n\t\t\t<td><img alt="101" src="http://media.baogiaothong.vn/files/Baogiay/2015/04/24/101-0542.jpg" /></td>\r\n\t\t</tr>\r\n\t\t<tr>\r\n\t\t\t<td>Đường l&ecirc;n Đ&agrave; Lạt được r&uacute;t ngắn thời gian lưu th&ocirc;ng đ&aacute;ng kể sau khi QL20 ho&agrave;n th&agrave;nh việc kh&ocirc;i phục, cải tạo - Ảnh: Vĩnh Ph&uacute;</td>\r\n\t\t</tr>\r\n\t</tbody>\r\n</table>\r\n\r\n<p>Giờ đ&acirc;y, đi &ocirc; t&ocirc; từ TP HCM đi TP Đ&agrave; Lạt (L&acirc;m Đồng) chỉ c&ograve;n 5 giờ giảm gần nửa thời gian với trước đ&acirc;y.</p>\r\n\r\n<p><strong>Về đ&iacute;ch sớm, tiện lợi đủ đường</strong></p>\r\n\r\n<p>Để sớm ho&agrave;n th&agrave;nh dự &aacute;n kh&ocirc;i phục, cải tạo QL 20, chủ đầu tư v&agrave; nh&agrave; thầu đ&atilde; gấp r&uacute;t triển khai nhiều mũi thi c&ocirc;ng, tập trung thiết bị, nh&acirc;n lực tranh thủ thời tiết thuận lợi thảm nhựa cả ban đ&ecirc;m để đưa tiến độ dự &aacute;n về đ&iacute;ch sớm 7 th&aacute;ng.</p>\r\n\r\n<p>S&aacute;ng 22/4, ch&uacute;ng t&ocirc;i đi dọc tuyến QL20 đoạn từ Dầu Gi&acirc;y (Đồng Nai) đến TP Bảo Lộc (L&acirc;m Đồng). Ngồi tr&ecirc;n &ocirc; t&ocirc;, cảm nhận rất r&otilde; sự &ecirc;m thuận của tuyến đường đ&atilde; được thảm nhựa. Trước đ&oacute;, tuyến đường n&agrave;y kh&aacute; chật hẹp, phương tiện qua lại kh&oacute; khăn do c&aacute;c nh&agrave; thầu đang thi c&ocirc;ng. Tuy nhi&ecirc;n, đến nay đường trải d&agrave;i tăm tắp như một thảm lụa, nhiều đoạn uốn lượn quanh những c&aacute;nh rừng, vườn c&acirc;y ăn tr&aacute;i tạo n&ecirc;n cảnh quan thi&ecirc;n nhi&ecirc;n đẹp mắt. Nhiều du kh&aacute;ch từ TP HCM đi Đ&agrave; Lạt kh&ocirc;ng khỏi ngạc nhi&ecirc;n, th&iacute;ch th&uacute; với sự đổi thay của tuyến đường từng một thời &ldquo;gian nan&rdquo; n&agrave;y. Anh L&ecirc;n Th&agrave;nh T&acirc;m, một hướng dẫn vi&ecirc;n du lịch của TP HCM cho biết, anh vừa ho&agrave;n th&agrave;nh chuyến đi chụp h&igrave;nh ở những g&oacute;c đẹp của tuyến đường n&agrave;y, phục vụ việc quảng b&aacute; cho du kh&aacute;ch từ TP HCM đến Đ&agrave; Lạt chi&ecirc;m ngưỡng th&ecirc;m sự hấp dẫn tr&ecirc;n đường đến với th&agrave;nh phố mộng mơ.</p>\r\n\r\n<p>Đứng trước nh&agrave; &ldquo;ngắm ngh&iacute;a&rdquo; tuyến đường đẹp, &ocirc;ng Nguyễn Đức B&igrave;nh, ở x&atilde; Gia T&acirc;n (huyện Thống Nhất, tỉnh Đồng Nai) phấn khởi: &ldquo;Trước đ&acirc;y QL20 xuống cấp trầm trọng, đường đầy ổ voi, ổ g&agrave; s&igrave;nh lầy khi mưa xuống n&ecirc;n việc đi lại của người d&acirc;n rất vất vả. Đến nay đường đ&atilde; được trải nhựa phẳng l&igrave;, người d&acirc;n đi lại thuận lợi hơn, ch&uacute;ng t&ocirc;i vui mừng, phấn khởi hơn bao giờ hết&hellip;&rdquo;.</p>\r\n\r\n<p>Anh Nguyễn Đức Tuấn, một t&agrave;i xế xe tải tr&uacute; tại quận Thủ Đức, TP HCM t&acirc;m sự: &ldquo;T&ocirc;i thường xuy&ecirc;n chở h&agrave;ng l&ecirc;n/xuống Đ&agrave; Lạt, trước đ&acirc;y do đường xấu phải mất hơn 8 giờ đồng hồ mới đến nơi. Việc n&agrave;y tốn rất nhiều chi ph&iacute; xăng dầu, hao m&ograve;n phương tiện. Nay QL20 đ&atilde; được sửa chữa &ecirc;m thuận n&ecirc;n h&agrave;nh tr&igrave;nh đ&atilde; được r&uacute;t ngắn chỉ c&ograve;n khoảng hơn 5 giờ đi xe, tiết kiệm được nhiều thời gian, chi ph&iacute;. Kể cả phải mua ph&iacute; ở đường cao tốc TP HCM - Long Th&agrave;nh - Dầu Gi&acirc;y th&igrave; chi ph&iacute; vẫn thấp hơn so với trước đ&acirc;y kh&ocirc;ng phải mua ph&iacute;. Hiệu quả nhất l&agrave; xe &iacute;t hao m&ograve;n hơn&hellip;&rdquo;.</p>\r\n\r\n<table>\r\n\t<tbody>\r\n\t\t<tr>\r\n\t\t\t<td><img alt="102" src="http://media.baogiaothong.vn/files/Baogiay/2015/04/24/102-0542.jpg" /></td>\r\n\t\t</tr>\r\n\t\t<tr>\r\n\t\t\t<td>Một đoạn QL20</td>\r\n\t\t</tr>\r\n\t</tbody>\r\n</table>\r\n\r\n<p><strong>Thi c&ocirc;ng &ldquo;vượt nắng, thắng mưa&rdquo;</strong></p>\r\n\r\n<p>&Ocirc;ng Đỗ Ngọc Dũng, TGĐ C&ocirc;ng ty CP BT20 - Cửu Long cho biết, tuyến dự &aacute;n chạy d&agrave;i, mặt bằng thi c&ocirc;ng chật hẹp, thời tiết khu vực kh&ocirc;ng thuận lợi, mưa nhiều, k&eacute;o d&agrave;i, vừa thi c&ocirc;ng vừa phải đảm bảo ATGT th&ocirc;ng suốt 24/24h n&ecirc;n gặp rất nhiều kh&oacute; khăn. To&agrave;n tuyến d&agrave;i hơn 109,5km c&oacute; bốn cầu phải x&acirc;y mới, trong đ&oacute; cầu La Ng&agrave; bắc qua s&ocirc;ng La Ng&agrave; (huyện Định Qu&aacute;n, tỉnh Đồng Nai) thuộc g&oacute;i thầu XL.05, đơn vị thi c&ocirc;ng l&agrave; C&ocirc;ng ty TNHH SX TM-DV Đ&ocirc;ng M&ecirc; K&ocirc;ng đ&atilde; thực hiện tốt. Tuy c&acirc;y cầu c&oacute; chiều d&agrave;i chỉ 330m nhưng đ&acirc;y được xem l&agrave; điểm &ldquo;găng&rdquo; của dự &aacute;n v&agrave; đ&atilde; về đ&iacute;ch. &Ocirc;ng Dũng khẳng định: &ldquo;Dự &aacute;n sớm đưa v&agrave;o khai th&aacute;c, r&uacute;t ngắn thời gian lưu th&ocirc;ng tr&ecirc;n đường, đ&atilde; tiết kiệm được kinh ph&iacute; v&agrave; tăng hiệu quả đầu tư của dự &aacute;n. T&iacute;nh hiệu quả v&agrave; t&iacute;nh đ&uacute;ng đắn của chủ trương huy động vốn của Ch&iacute;nh phủ l&agrave; tiền đề để tiếp tục hợp t&aacute;c, ph&aacute;t triển ở c&aacute;c dự &aacute;n tiếp theo&hellip;&rdquo;.</p>\r\n\r\n<p>&Ocirc;ng Nguyễn B&aacute; Hồng, Chỉ huy trưởng thi c&ocirc;ng cầu La Ng&agrave; cho biết, khu vực thi c&ocirc;ng cầu nằm trong khu vực l&ograve;ng hồ thủy điện Trị An n&ecirc;n gặp v&ocirc; v&agrave;n kh&oacute; khăn như: Việc t&iacute;ch nước l&ograve;ng hồ để phục vụ thủy điện với thời gian ngắn n&ecirc;n mực nước thi c&ocirc;ng thay đổi li&ecirc;n tục, kh&oacute; lường; mực nước thấp nhất v&agrave; cao nhất ch&ecirc;nh h&agrave;ng chục m&eacute;t l&agrave;m chiều cao cừ larsen v&ograve;ng v&acirc;y c&aacute;c trụ cũng ch&ecirc;nh nhau. Tuy nhi&ecirc;n, để khắc phục những kh&oacute; khăn tr&ecirc;n c&aacute;c đơn vị thi c&ocirc;ng đ&atilde; tập trung nh&acirc;n lực, thiết bị, tập trung nhiều mũi thi c&ocirc;ng để đẩy nhanh tiến độ. Trong thời gian cao điểm, đơn vị phải bố tr&iacute; 11 mũi thi c&ocirc;ng đồng loạt ba ca li&ecirc;n tục&hellip;</p>\r\n\r\n<p>&Ocirc;ng Dũng cho biết th&ecirc;m, với sự chỉ đạo quyết liệt từ l&atilde;nh đạo Bộ GTVT v&agrave; c&aacute;c ban, ng&agrave;nh, sự ủng hộ v&agrave; hỗ trợ t&iacute;ch cực của c&aacute;c cấp ch&iacute;nh quyền tỉnh Đồng Nai, tỉnh L&acirc;m Đồng trong c&ocirc;ng t&aacute;c GPMB v&agrave; quyết t&acirc;m cao của nh&agrave; đầu tư v&agrave; Ban QLDA 7, đ&acirc;y l&agrave; vấn đề then chốt cho việc dự &aacute;n ho&agrave;n th&agrave;nh sớm so với kế hoạch. Sau khi dự &aacute;n ho&agrave;n th&agrave;nh, ngo&agrave;i việc gi&uacute;p người d&acirc;n đi lại thuận lợi hơn, thời gian đi lại được r&uacute;t ngắn, tuyến đường n&agrave;y c&ograve;n giữ vai tr&ograve; then chốt trong việc vận chuyển ph&aacute;t triển bền vững của cụm sản xuất c&ocirc;ng nghiệp nh&ocirc;m alumin khu vực T&acirc;y Nguy&ecirc;n.<br />\r\n&nbsp;</p>\r\n\r\n<table>\r\n\t<tbody>\r\n\t\t<tr>\r\n\t\t\t<td>\r\n\t\t\t<p><strong>Dự &aacute;n kh&ocirc;i phục, cải tạo QL20 theo h&igrave;nh thức BT được khởi c&ocirc;ng ng&agrave;y 23/12/2011 với tổng số vốn l&agrave; 5.264,634 tỷ đồng. Trong đ&oacute;, vốn chủ sở hữu của nh&agrave; đầu tư l&agrave; 601,463 tỷ đồng (tương ứng 11,42% tổng mức đầu tư). Phần c&ograve;n lại l&agrave; vốn vay t&iacute;n dụng nước ngo&agrave;i với 250 triệu USD với nh&oacute;m ng&acirc;n h&agrave;ng, tổ chức t&iacute;n dụng quốc tế do Ng&acirc;n h&agrave;ng Goldman Sachs (Hoa Kỳ) l&agrave;m đại diện.</strong></p>\r\n\r\n\t\t\t<p><strong>Dự &aacute;n c&oacute; điểm đầu l&agrave; ng&atilde; ba Dầu Gi&acirc;y tại Km0+00 của QL20 (giao QL1 tại Km1832+400), thuộc địa phận huyện Thống Nhất, tỉnh Đồng Nai v&agrave; điểm cuối dự &aacute;n l&agrave; Km123+105,17 của QL20 (giao với đường tỉnh 725) thuộc địa phận TP Bảo Lộc, tỉnh L&acirc;m Đồng. Tổng chiều d&agrave;i dự &aacute;n l&agrave; khoảng 109,5km.</strong></p>\r\n\t\t\t</td>\r\n\t\t</tr>\r\n\t</tbody>\r\n</table>\r\n\r\n<p>&nbsp;</p>\r\n\r\n<p><a href="http://www.baogiaothong.vn/V%C4%A9nh-Ph%C3%BA-tag/"><strong>Vĩnh Ph&uacute;</strong></a></p>\r\n			2016-03-28 05:51:30.649189	2016-03-28 05:51:30.649189	101-0542.jpg
3	Tin chuyên ngành	Specialized News	 QL20 về đích sớm 7 tháng, tiết kiệm 1.200 tỷ đồng	<p><img alt="catbang" src="http://media.baogiaothong.vn/files/nghia.le/2015/04/28/catbang-1207.jpg" /></p>\r\n\r\n<p>Bộ trưởng Đinh La Thăng c&ugrave;ng c&aacute;c đại biểu, l&atilde;nh đạo c&aacute;c địa phương cắt băng th&ocirc;ng xe QL20 đoạn Dầu Gi&acirc;y - Bảo Lộc</p>\r\n\r\n<p>S&aacute;ng nay (28/4), tại km 000 - QL20 (huyện Thống Nhất, tỉnh Đồng Nai), Bộ GTVT đ&atilde; tổ chức lễ th&ocirc;ng xe 109.5km thuộc dự &aacute;n kh&ocirc;i phục, cải tạo QL20 đoạn từ Dầu Gi&acirc;y (Đồng Nai) đi Bảo Lộc (L&acirc;m Đồng).</p>\r\n\r\n<p>C&aacute;c đại biểu kh&aacute;ch mời tham dự buổi lễ c&oacute; b&agrave; Trương Thị Mai, Chủ nhiệm Ủy ban C&aacute;c vấn đề x&atilde; hội Quốc hội; &ocirc;ng Phan Đ&igrave;nh Trạc, Ph&oacute; Trưởng Ban thường trực Ban Nội ch&iacute;nh Trung ương; &ocirc;ng Nguyễn Hữu T&iacute;n, Ph&oacute; Chủ tịch UBND TP HCM; &ocirc;ng Đinh Quốc Th&aacute;i, Chủ tịch UBND tỉnh Đồng Nai; &ocirc;ng Nguyễn Xu&acirc;n Tiến, B&iacute; thư tỉnh L&acirc;m Đồng.</p>\r\n\r\n<p>Về ph&iacute;a Bộ GTVT c&oacute; Bộ Trưởng Đinh La Thăng, Thứ trưởng Nguyễn Ngọc Đ&ocirc;ng, Chủ tịch C&ocirc;ng đo&agrave;n GTVT VN Đỗ Nga Việt, Ph&oacute; chủ tịch chuy&ecirc;n tr&aacute;ch UBATGT Quốc gia Khuất Việt H&ugrave;ng c&ugrave;ng l&atilde;nh đạo Văn ph&ograve;ng Bộ, c&aacute;c Cục, Vụ, c&aacute;c cơ quan tham mưu của Bộ GTVT.</p>\r\n\r\n<p>&nbsp;</p>\r\n\r\n<p><strong>Vượt tiến độ 7 th&aacute;ng</strong></p>\r\n\r\n<p>B&aacute;o c&aacute;o qu&aacute; tr&igrave;nh ho&agrave;n thiện dự &aacute;n, &ocirc;ng Đỗ Ngọc Dũng - TGĐ C&ocirc;ng ty Cổ phần BT20 - Cửu Long, chủ đầu tư dự &aacute;n cho biết dự &aacute;n c&oacute; điểm đầu l&agrave; ng&atilde; tư Dầu Gi&acirc;y tại Km0 (huyện Thống Nhất) điểm cuối tại Km123+105 (TP Bảo Lộc), chiều d&agrave;i tuyến 109,5 km, được đầu tư theo h&igrave;nh thức Hợp đồng BT (X&acirc;y dựng - chuyển giao).</p>\r\n\r\n<p>Tổng mức đầu tư của hợp đồng dự &aacute;n l&agrave; gần 5.265 tỷ đồng. Trong đ&oacute;, vốn chủ sở hữu của nh&agrave; đầu tư l&agrave; hơn 601 tỷ đồng (tương ứng 11,42% tổng mức đầu tư). Phần vốn c&ograve;n lại l&agrave; vốn vay nước ngo&agrave;i do nh&agrave; đầu tư thu xếp.</p>\r\n\r\n<p>Quy m&ocirc; mặt cắt ngang l&agrave; mặt đường 11m, nền đường 12m (với 2 l&agrave;n cơ giới v&agrave; 2 l&agrave;n hỗn hợp), đoạn qua khu d&acirc;n cư tập trung Gia Kiệm, Ph&uacute; T&uacute;c được gia cố phần lề đường để bề rộng mặt đường đạt 14,2m. Tuyến được bố tr&iacute; 100,85 Km cống tho&aacute;t nước dọc, dự &aacute;n x&acirc;y dựng mới 4 cầu, trong đ&oacute; c&oacute; cầu La Ng&agrave; c&oacute; chiều d&agrave;i 330m.</p>\r\n\r\n<p>Mặc d&ugrave; c&ocirc;ng t&aacute;c tổ chức thi c&ocirc;ng tr&ecirc;n c&ocirc;ng trường c&oacute; những kh&oacute; khăn, thi c&ocirc;ng nửa mặt đường, trong khi lưu lượng tham gia giao th&ocirc;ng d&agrave;y đặc, thời tiết mưa nhiều song với sự chỉ đạo quyết liệt của Bộ GTVT nhất l&agrave; Bộ trưởng Đinh La Thăng, Thứ trưởng Nguyễn Ngọc Đ&ocirc;ng&hellip; c&ugrave;ng sự hỗ trợ của c&aacute;c địa phương v&agrave; sự chủ động s&aacute;ng tạo của chủ đầu tư n&ecirc;n dự &aacute;n đ&atilde; về đ&iacute;ch sớm.</p>\r\n\r\n<p>Chủ đầu tư cũng cảm ơn sự hỗ trợ t&iacute;ch cực của nh&acirc;n d&acirc;n, ch&iacute;nh quyền tỉnh Đồng Nai, tỉnh L&acirc;m Đồng trong c&ocirc;ng t&aacute;c GPMB, đảm bảo &nbsp;ATGT v&agrave; quyết t&acirc;m cao của tổ hợp Nh&agrave; đầu tư vừa l&agrave; nh&agrave; thầu x&acirc;y dựng đ&atilde; tăng cường thiết bị, m&aacute;y m&oacute;c bố tr&iacute; thời gian thi c&ocirc;ng hợp l&yacute; ho&agrave;n th&agrave;nh trước tiến độ cam kết trong hợp đồng dự &aacute;n l&agrave; khoảng 7 th&aacute;ng.</p>\r\n\r\n<table>\r\n\t<tbody>\r\n\t\t<tr>\r\n\t\t\t<td>\r\n\t\t\t<p><img alt="6(1)" src="http://media.baogiaothong.vn/files/nghia.le/2015/04/28/61-1217.jpg" /></p>\r\n\t\t\t</td>\r\n\t\t</tr>\r\n\t\t<tr>\r\n\t\t\t<td>Một đoạn QL20 vừa được th&ocirc;ng xe kh&aacute;nh th&agrave;nh</td>\r\n\t\t</tr>\r\n\t</tbody>\r\n</table>\r\n\r\n<p><strong>Về đ&iacute;ch sớm, tiết kiệm được 60 triệu USD</strong></p>\r\n\r\n<p>Cũng theo &ocirc;ng Đỗ Ngọc Dũng, dự &aacute;n sớm đưa v&agrave;o khai th&aacute;c, c&ugrave;ng với tuyến đường cao tốc TP HCM&ndash; Long Th&agrave;nh &ndash; Dầu Gi&acirc;y đưa v&agrave;o sử dụng đ&atilde; r&uacute;t ngắn thời gian lưu th&ocirc;ng từ TP HCM đi Bảo Lộc từ 5 tiếng c&ograve;n 3 tiếng. Việc r&uacute;t ngắn tiến độ đ&atilde; tiết kiệm được kinh ph&iacute; nhất l&agrave; trượt gi&aacute;. Hiện dự &aacute;n c&ograve;n dư khoảng 1.200 tỷ đồng (tương tương 60 triệu USD).</p>\r\n\r\n<p>Tr&ecirc;n cơ sở đề xuất của tỉnh Đồng Nai v&agrave; L&acirc;m Đồng, được sự cho ph&eacute;p của Bộ GTVT, nh&agrave; đầu tư đ&atilde; trao đổi v&agrave; được nh&agrave; t&agrave;i trợ chấp thuận về nguy&ecirc;n tắc sử dụng phần vốn c&ograve;n lại để đầu tư x&acirc;y dựng N&uacute;t giao Dầu Gi&acirc;y c&oacute; cầu vượt nhằm giảm &aacute;ch tắc giao th&ocirc;ng v&agrave; x&acirc;y dựng tuyến tr&aacute;nh TP Bảo Lộc nhằm giảm lưu lượng xe tải nặng v&agrave;o trung t&acirc;m th&agrave;nh phố đ&ocirc; thị cấp III.</p>\r\n\r\n<p>L&atilde;nh đạo hai tỉnh L&acirc;m Đồng v&agrave; Đồng Nai b&agrave;y tỏ vui mừng khi dự &aacute;n QL20 ho&agrave;n th&agrave;nh, đ&acirc;y l&agrave; tuyến QL huyết mạch nối TP HCM, Đồng Nai v&agrave; L&acirc;m Đồng với khu vực T&acirc;y Nguy&ecirc;n. Qua hơn 40 năm khai th&aacute;c, QL20 đ&atilde; xuống cấp, c&oacute; nơi l&agrave; điểm đen g&acirc;y mất ATGT, kh&ocirc;ng đ&aacute;p ứng được nhu cầu giao th&ocirc;ng, ảnh hưởng đến chiến lược ph&aacute;t triển kinh tế x&atilde; hội của cả khu vực. &nbsp;</p>\r\n\r\n<p>Hai địa phương cảm ơn quyết định của Bộ GTVT về việc d&ugrave;ng vốn dư 60 triệu USD từ dự &aacute;n để x&acirc;y dựng đồng bộ n&uacute;t giao Dầu Gi&acirc;y v&agrave; tuyến tr&aacute;nh Bảo Lộc. Đồng Nai đề nghị n&acirc;ng cấp th&ecirc;m cầu La Ng&agrave; v&agrave; một số cầu tr&ecirc;n tuyến để đồng bộ với tuyến đường vừa cải tạo, khai kh&aacute;c hiệu quả kinh tế x&atilde; hội trong v&ugrave;ng.</p>\r\n\r\n<p>Thứ trưởng Bộ GTVT Nguyễn Ngọc Đ&ocirc;ng thừa ủy quyền của Bộ trưởng Đinh La Thăng ph&aacute;t biểu tại buổi lễ, tuy&ecirc;n bố kh&aacute;nh th&agrave;nh ch&iacute;nh thức đưa v&agrave;o sử dụng QL20 đoạn Dầu Gi&acirc;y &ndash; Bảo Lộc.</p>\r\n\r\n<table>\r\n\t<tbody>\r\n\t\t<tr>\r\n\t\t\t<td><img alt="8" src="http://media.baogiaothong.vn/files/nghia.le/2015/04/28/8-1218.jpg" /></td>\r\n\t\t</tr>\r\n\t\t<tr>\r\n\t\t\t<td>Thứ trưởng Bộ GTVT Nguyễn Ngọc Đ&ocirc;ng ph&aacute;t biểu tuy&ecirc;n bố kh&aacute;nh th&agrave;nh đưa v&agrave;o sử dụng dự &aacute;n cải tạo QL20 đoạn Dầu Gi&acirc;y - Bảo Lộc</td>\r\n\t\t</tr>\r\n\t</tbody>\r\n</table>\r\n\r\n<p>Thứ trưởng cho biết trong chiến lược ph&aacute;t triển GTVT, việc huy động mọi nguồn lực x&atilde; hội l&agrave; cần thiết. QL20 đ&atilde; trải qua 40 năm sử dụng, xuống cấp, g&acirc;y mất ATGT, g&acirc;y kh&oacute; khăn cho ph&aacute;t triển kinh tế x&atilde; hội, trong khi đ&acirc;y l&agrave; trục giao th&ocirc;ng ch&iacute;nh nối TP HCM, v&ugrave;ng tam gi&aacute;c kinh tế v&agrave; T&acirc;y Nguy&ecirc;n.</p>\r\n\r\n<p>H&ocirc;m nay, việc cải tạo QL20 ho&agrave;n th&agrave;nh, r&uacute;t ngắn thời gian từ TP HCM &ndash; Đ&agrave; Lạt được gần 3h, mang lại &yacute; nghĩa to lớn cho ph&aacute;t trển GTVT, sản xuất c&ocirc;ng nghiệp, khai th&aacute;c boxit, vận chuyển n&ocirc;ng sản&hellip;</p>\r\n\r\n<p><img alt="" src="http://vietren.vn/Portals/0/IMG_1.JPG" /></p>\r\n\r\n<p>Đại diện của C&ocirc;ng ty CP Việt Ren đơn vị thi c&ocirc;ng tr&ecirc;n c&ocirc;ng tr&igrave;nh tham dự lễ kh&aacute;nh th&agrave;nh đưa v&agrave;o sử dụng dự &aacute;n cải tạo QL20 đoạn Dầu Gi&acirc;y - Bảo Lộc</p>\r\n\r\n<p>Nhiều năm qua, Đảng v&agrave; Nh&agrave; nước ta rất quan t&acirc;m đến ph&aacute;t triển hạ tầng v&ugrave;ng T&acirc;y Nguy&ecirc;n như cải tạo QL27, QL28 v&agrave; nay l&agrave; QL20, Bộ GTVT thay mặt Ch&iacute;nh phủ cảm ơn, ghi nhận sự quan t&acirc;m của c&aacute;c nh&agrave; t&agrave;i trợ, nh&agrave; đầu tư. Đồng thời cảm ơn b&agrave; con nh&acirc;n d&acirc;n, hai tỉnh Đồng Nai, L&acirc;m Đồng đ&atilde; nhanh ch&oacute;ng nhường mặt bằng, b&agrave;n giao kịp thời cho nh&agrave; đầu tư, v&agrave; cũng ghi nhận sự nỗ lực của cơ quan tham mưu cho Bộ GTVT như Cục Quản l&yacute; x&acirc;y dựng &amp; chất lượng c&ocirc;ng tr&igrave;nh giao th&ocirc;ng, Ủy ban ATGT QG, Vụ hạ tầng, Ban Quản l&yacute; đầu tư c&aacute;c dự &aacute;n đối t&aacute;c c&ocirc;ng tư PPP&hellip; trong việc g&oacute;p sức đưa dự &aacute;n v&agrave;o vận h&agrave;nh.</p>\r\n			2016-03-28 05:53:11.227977	2016-03-28 05:53:11.227977	catbang-1207.jpg
4	Tin Việt Ren	Specialized News	 Hối hả trên công trường Quốc lộ 20	<p>Nguồn: http://www.baogiaothong.vn/hoi-ha-tren-cong-truong-quoc-lo-20-d95175.html</p>\r\n\r\n<table border="0" cellpadding="0">\r\n\t<tbody>\r\n\t\t<tr>\r\n\t\t\t<td>\r\n\t\t\t<p><img alt="" src="http://vietren.vn/Portals/0/img_1542-0856.jpg" /></p>\r\n\t\t\t</td>\r\n\t\t</tr>\r\n\t\t<tr>\r\n\t\t\t<td>\r\n\t\t\t<p>QL20 sẽ cơ bản ho&agrave;n th&agrave;nh trước Tết</p>\r\n\t\t\t</td>\r\n\t\t</tr>\r\n\t</tbody>\r\n</table>\r\n\r\n<p>&nbsp;<strong>Cầu La Ng&agrave; c&aacute;n đ&iacute;ch đ&uacute;ng hẹn</strong></p>\r\n\r\n<p>Trong đợt kiểm tra đầu năm 2015, Thứ trưởng Nguyễn Ngọc Đ&ocirc;ng rất lo ngại về tiến độ cầu La Ng&agrave;. Bởi đ&acirc;y l&agrave; c&acirc;y cầu huyết mạch của QL20, cầu La Ng&agrave; cũ đ&atilde; qu&aacute; gi&agrave; nua. Thời điểm đ&oacute;, c&aacute;c đơn vị vẫn đang thi c&ocirc;ng bệ trụ T5, đang g&aacute;c dầm nhịp số 4, 7, 8. C&aacute;c nhịp 5, 6 chưa g&aacute;c dầm, v&agrave; c&ocirc;ng t&aacute;c đổ b&ecirc; t&ocirc;ng mặt cầu chưa ho&agrave;n thiện.</p>\r\n\r\n<p>Đơn vị thi c&ocirc;ng b&aacute;o c&aacute;o, nhanh cũng phải giữa th&aacute;ng 2/2015 mới ho&agrave;n th&agrave;nh to&agrave;n bộ. &ldquo;Bộ đ&atilde; cam kết với địa phương l&agrave; cuối th&aacute;ng 1/2015 ho&agrave;n th&agrave;nh cầu La Ng&agrave;. C&aacute;c anh phải thực hiện đ&uacute;ng lời hứa n&agrave;y của Bộ&rdquo;, Thứ trưởng Đ&ocirc;ng chỉ đạo.</p>\r\n\r\n<p>Giữa c&aacute;i nắng gắt, h&agrave;ng trăm c&ocirc;ng nh&acirc;n vẫn miệt m&agrave;i l&agrave;m việc tr&ecirc;n c&ocirc;ng tr&igrave;nh cầu La Ng&agrave;. Anh Huỳnh Văn Ch&uacute;c &ndash; chỉ huy ph&oacute; nh&agrave; thầu Đ&ocirc;ng M&ecirc; K&ocirc;ng cho biết, sau khi c&oacute; chỉ đạo của Thứ trưởng, l&uacute;c đ&oacute; tr&ecirc;n c&ocirc;ng trường c&oacute; nhiều mũi thi c&ocirc;ng c&aacute;c hạng mục kh&aacute;c nhau, đơn vị đ&atilde; huy động c&aacute;c mũi n&agrave;y về tập trung thi c&ocirc;ng trụ T5. Thời điểm đ&oacute;, c&oacute; tr&ecirc;n 100 c&ocirc;ng nh&acirc;n l&agrave;m việc ng&agrave;y đ&ecirc;m v&agrave; đến 12/1 th&igrave; trụ T5 được ho&agrave;n th&agrave;nh.</p>\r\n\r\n<table border="0" cellpadding="0">\r\n\t<tbody>\r\n\t\t<tr>\r\n\t\t\t<td>\r\n\t\t\t<p><img alt="" src="http://vietren.vn/Portals/0/cau%20la%20nga.jpg" /></p>\r\n\t\t\t</td>\r\n\t\t</tr>\r\n\t\t<tr>\r\n\t\t\t<td>\r\n\t\t\t<p>Cầu La Ng&agrave; đang được gấp r&uacute;t thi c&ocirc;ng</p>\r\n\t\t\t</td>\r\n\t\t</tr>\r\n\t</tbody>\r\n</table>\r\n\r\n<p>C&ocirc;ng t&aacute;c lao lắp dầm cũng tiến h&agrave;nh gấp r&uacute;t. Tại thời điểm n&agrave;y, nh&agrave; thầu Đ&ocirc;ng M&ecirc; K&ocirc;ng đ&atilde; cơ bản ho&agrave;n thiện kết cấu phần tr&ecirc;n của cầu, c&ograve;n lại 1 khe co gi&atilde;n, 2 nhịp lan can, đang tiến h&agrave;nh thảm lớp b&ecirc; t&ocirc;ng nhựa C12.5 phủ mặt cầu. &ldquo;Xương&rdquo; nhất l&agrave; đường dẫn hai đầu cầu v&igrave; vướng trụ điện phải chở di dời. Tuy nhi&ecirc;n đến nay đ&atilde; giải quyết xong, nh&agrave; thầu đ&atilde; ho&agrave;n thiện lớp đ&aacute; Dmax25, đang chuẩn bị thi c&ocirc;ng thảm đ&aacute; dăm đen.</p>\r\n\r\n<p>Anh Nguyễn Quang Huy &ndash; Trưởng tư vấn gi&aacute;m s&aacute;t (Viện KHCN Bộ GTVT), cung cấp th&ecirc;m, để đảm tiến độ v&agrave; chất lượng, tư vấn đ&atilde; phải tăng cường th&ecirc;m c&aacute;n bộ gi&aacute;m s&aacute;t. Nh&agrave; thầu triển khai bao nhi&ecirc;u mũi thi c&ocirc;ng l&agrave; c&oacute; bấy nhi&ecirc;u gi&aacute;m s&aacute;t theo c&ugrave;ng. Nhờ đ&oacute;, m&agrave; c&aacute;c mũi thi c&ocirc;ng được triển khai đại tr&agrave; tr&ecirc;n c&ocirc;ng trường. &ldquo;Đến 31/1, cầu La Ng&agrave; sẽ c&aacute;n đ&iacute;ch v&agrave; sẽ th&ocirc;ng xe lu&ocirc;n&rdquo;, anh Huy khẳng định.</p>\r\n\r\n<p><strong>Phấn đấu thảm xong đường trước Tết</strong></p>\r\n\r\n<p>Tr&ecirc;n QL20, những ng&agrave;y n&agrave;y quả đ&uacute;ng l&agrave; một đại c&ocirc;ng trường đang rất hối hả. &Ocirc;ng Ho&agrave;ng Tuấn Kho&aacute;t &ndash; Ph&oacute; tổng gi&aacute;m đốc BQLDA 7 - cho biết, c&aacute;c nh&agrave; thầu tổ chức 66 mũi thi c&ocirc;ng, huy động 372 xe m&aacute;y, thiết bị. Dọc tuyến c&oacute; 6 trạm trộn b&ecirc; t&ocirc;ng nhựa đang hoạt động, 2 trạm trộn b&ecirc; t&ocirc;ng tươi. D&ugrave; triển khai đại tr&agrave; cả ng&agrave;y lẫn đ&ecirc;m nhưng việc lưu th&ocirc;ng vẫn được ph&acirc;n luồng, điều tiết để kh&ocirc;ng kẹt xe.</p>\r\n\r\n<p>Anh L&ecirc; Thanh Ki&ecirc;n &ndash; Ph&oacute; TGĐ C&ocirc;ng ty CP Việt Ren, từ Quảng Trị v&agrave;o, mấy ng&agrave;y nay lu&ocirc;n c&oacute; mặt ở c&ocirc;ng trường để chỉ đạo thi c&ocirc;ng thảm nhựa. Điều khiến ch&uacute;ng t&ocirc;i kh&aacute; bất ngờ l&agrave; h&agrave;ng trăm thiết bị từ xe tải chở b&ecirc; t&ocirc;ng nhựa, xe lu, cả trạm trộn b&ecirc; t&ocirc;ng đều c&oacute; biển số 74 (Quảng Trị) được Việt Ren mang v&agrave;o tận c&ocirc;ng trường chứ kh&ocirc;ng thu&ecirc; ở địa phương. Nhờ chủ động được thiết bị, nh&acirc;n c&ocirc;ng n&ecirc;n nh&agrave; thầu nắm được tiến độ từng ng&agrave;y.</p>\r\n\r\n<table border="0" cellpadding="0">\r\n\t<tbody>\r\n\t\t<tr>\r\n\t\t\t<td>\r\n\t\t\t<p><img alt="" src="http://vietren.vn/Portals/0/QL20.jpg" /></p>\r\n\t\t\t</td>\r\n\t\t</tr>\r\n\t\t<tr>\r\n\t\t\t<td>\r\n\t\t\t<p>Nh&agrave; thầu tổ chức thi c&ocirc;ng cả ng&agrave;y đ&ecirc;m để đảm bảo tiến độ</p>\r\n\t\t\t</td>\r\n\t\t</tr>\r\n\t</tbody>\r\n</table>\r\n\r\n<p>Khoảng 21h tối, ch&uacute;ng t&ocirc;i vẫn thấy anh Ki&ecirc;n đang theo s&aacute;t chiếc xe thảm b&ecirc; t&ocirc;ng nhựa đoạn qua TP Bảo Lộc để kiểm tra chất lượng. Anh Ki&ecirc;n cho hay, đến nay đ&atilde; ho&agrave;n th&agrave;nh 10km/26km b&ecirc; t&ocirc;ng nhựa lớp C12.5. Nh&agrave; thầu lập tiến độ thảm b&ecirc; t&ocirc;ng nhựa chi tiết cho từng ng&agrave;y. Với mặt đường rộng 11m th&igrave; mỗi ng&agrave;y thảm 1,7km; với đường rộng 15m mỗi ng&agrave;y thảm được 1,2km. &ldquo;Theo tiến độ th&igrave; đến 26 Tết l&agrave; ho&agrave;n th&agrave;nh to&agrave;n bộ lớp nhựa tr&ecirc;n c&ugrave;ng. Tuy vậy ch&uacute;ng t&ocirc;i sẽ cố gắng r&uacute;t ngắn hơn để anh em c&ocirc;ng nh&acirc;n được sớm về qu&ecirc; đ&oacute;n tết c&ugrave;ng gia đ&igrave;nh&rdquo;, anh Ki&ecirc;n n&oacute;i.</p>\r\n\r\n<p>C&aacute;c g&oacute;i thầu kh&aacute;c của nh&agrave; thầu Đ&ocirc;ng M&ecirc; K&ocirc;ng, Cửu Long CIPM cũng đ&atilde; thảm xong b&ecirc; t&ocirc;ng nhựa lớp C19, đang tiến h&agrave;nh thảm lớp C12.5. Tuy vậy mặt đường cũng đ&atilde; &ecirc;m thuận, một số đoạn đ&atilde; được kẻ sơn tạm, lắp lại c&aacute;c biển b&aacute;o để đảm bảo lưu th&ocirc;ng an to&agrave;n. &Ocirc;ng Ho&agrave;ng Tuấn Kho&aacute;t cho biết đang chỉ đạo c&aacute;c nh&agrave; thầu tập trung tối đa thiết bị để chạy đua với thời gian. &ldquo;Ch&uacute;ng t&ocirc;i sẽ cơ bản ho&agrave;n th&agrave;nh việc thảm nhựa để người d&acirc;n được đ&oacute;n tết với con đường QL20 mới, sạch sẽ&rdquo;, &ocirc;ng Kho&aacute;t n&oacute;i.</p>\r\n\r\n<p>T&aacute;c giả: Phan Tư</p>\r\n			2016-03-28 05:54:48.541439	2016-03-28 05:54:48.541439	img_1542-0856.jpg
5	Tin Việt Ren	Specialized News	Công ty CP Việt Ren tổ chức Đại lễ cầu siêu Anh linh các Anh Hùng Liệt Sỹ tại Nhà Đày Lao Bảo, ngày 14 tháng 03 năm 2015 	<p><img alt="" src="http://vietren.vn/Portals/0/%C4%90%E1%BA%A1i%20L%E1%BB%85%20C%E1%BA%A7u%20Si%C3%AAu%202015/DSC_0166.JPG" /></p>\r\n\r\n<p>&nbsp;</p>\r\n\r\n<p><img alt="" src="http://vietren.vn/Portals/0/%C4%90%E1%BA%A1i%20L%E1%BB%85%20C%E1%BA%A7u%20Si%C3%AAu%202015/DSC_0169.JPG" /></p>\r\n\r\n<p><img alt="" src="http://vietren.vn/Portals/0/%C4%90%E1%BA%A1i%20L%E1%BB%85%20C%E1%BA%A7u%20Si%C3%AAu%202015/DSC_0171.JPG" /></p>\r\n\r\n<p><img alt="" src="http://vietren.vn/Portals/0/%C4%90%E1%BA%A1i%20L%E1%BB%85%20C%E1%BA%A7u%20Si%C3%AAu%202015/DSC_0179.JPG" /></p>\r\n\r\n<p><img alt="" src="http://vietren.vn/Portals/0/%C4%90%E1%BA%A1i%20L%E1%BB%85%20C%E1%BA%A7u%20Si%C3%AAu%202015/DSC_0190.JPG" /></p>\r\n\r\n<p><img alt="" src="http://vietren.vn/Portals/0/%C4%90%E1%BA%A1i%20L%E1%BB%85%20C%E1%BA%A7u%20Si%C3%AAu%202015/DSC_0194.JPG" /></p>\r\n\r\n<p><img alt="" src="http://vietren.vn/Portals/0/%C4%90%E1%BA%A1i%20L%E1%BB%85%20C%E1%BA%A7u%20Si%C3%AAu%202015/DSC_0209.JPG" /></p>\r\n\r\n<p><img alt="" src="http://vietren.vn/Portals/0/%C4%90%E1%BA%A1i%20L%E1%BB%85%20C%E1%BA%A7u%20Si%C3%AAu%202015/DSC_0215.JPG" /></p>\r\n\r\n<p><img alt="" src="http://vietren.vn/Portals/0/%C4%90%E1%BA%A1i%20L%E1%BB%85%20C%E1%BA%A7u%20Si%C3%AAu%202015/DSC_0226.JPG" /></p>\r\n			2016-03-28 05:56:05.090567	2016-03-28 05:56:05.090567	DSC_0166.JPG
\.


--
-- Name: information_id_seq; Type: SEQUENCE SET; Schema: public; Owner: vietren
--

SELECT pg_catalog.setval('information_id_seq', 5, true);


--
-- Data for Name: manufacturer_equipments; Type: TABLE DATA; Schema: public; Owner: vietren
--

COPY manufacturer_equipments (id, name_vn, content_vn, name_en, content_en, created_at, updated_at) FROM stdin;
1	Nhật		Japan		2016-03-28 04:23:29.97925	2016-03-28 04:23:29.97925
2	Mỹ		USA		2016-03-28 04:23:48.014712	2016-03-28 04:23:48.014712
3	Đức		Germany		2016-03-28 04:24:29.633668	2016-03-28 04:24:29.633668
4	Nga		Russia		2016-03-28 04:26:03.851793	2016-03-28 04:26:03.851793
5	Trung Quốc		China		2016-03-28 04:26:51.800849	2016-03-28 04:26:51.800849
6	Hàn Quốc		Korea		2016-03-28 04:27:35.907959	2016-03-28 04:27:35.907959
7	Việt Nam		Vietnam		2016-03-28 04:28:35.507545	2016-03-28 04:28:35.507545
8	None	None	None	None	2016-03-30 07:02:54.300634	2016-03-30 07:02:54.300634
\.


--
-- Name: manufacturer_equipments_id_seq; Type: SEQUENCE SET; Schema: public; Owner: vietren
--

SELECT pg_catalog.setval('manufacturer_equipments_id_seq', 8, true);


--
-- Data for Name: notifications; Type: TABLE DATA; Schema: public; Owner: vietren
--

COPY notifications (id, title_vn, content_vn, title_en, content_en, created_at, updated_at) FROM stdin;
1	Đã sắp hết năm 2013 Công ty đề nghị các đội trưởng, kế toán đội tập hợp khối lượng, chứng từ về Công ty để làm thanh quyết toán.				2016-03-28 06:12:38.800136	2016-03-28 06:12:38.800136
\.


--
-- Name: notifications_id_seq; Type: SEQUENCE SET; Schema: public; Owner: vietren
--

SELECT pg_catalog.setval('notifications_id_seq', 1, true);


--
-- Data for Name: organizations; Type: TABLE DATA; Schema: public; Owner: vietren
--

COPY organizations (id, tag_vn, title_vn, content_vn, tag_en, title_en, content_en, created_at, updated_at) FROM stdin;
1	Cơ cấu tổ chức	Cơ cấu tổ chức Công ty Việt Ren	<p style="text-align:center"><img src="https://www.dropbox.com/sc/72vcbokqydq9cev/AACLy9SR6vE1iBMSEddLfD97a?raw=1" /></p>\r\n\r\n<p><span style="color:#000000">T&oacute;m tắt cơ cấu tổ chức:</span></p>\r\n\r\n<p><span style="color:#000000">+ Ph&ograve;ng Tổ chức - H&agrave;nh ch&iacute;nh, Ph&ograve;ng Kế hoạch - TH , Ph&ograve;ng Kỹ thuật, Ph&ograve;ng Kế to&aacute;n-T&agrave;i ch&iacute;nh v&agrave; xưởng sửa chữa xe m&aacute;y thiết bị.<br />\r\n+ C&ocirc;ng ty c&oacute; C&ocirc;ng đo&agrave;n cơ sở, được th&agrave;nh lập th&aacute;ng 3 năm 2004.<br />\r\n+ C&ocirc;ng ty c&oacute; Chi bộ Đảng, được th&agrave;nh lập th&aacute;ng 6 năm 2005.<br />\r\n+ Tổng số CBCNV l&agrave; 1.292 lao động, trong đ&oacute; c&oacute; 130 đại học, 88 cao đẳng, trung cấp, C&ocirc;ng nh&acirc;n kỹ thuật 1.074</span></p>\r\n\r\n<table cellpadding="2" cellspacing="0" class="table" style="line-height:20px; width:100%">\r\n\t<tbody>\r\n\t\t<tr>\r\n\t\t\t<td rowspan="3" style="text-align:center; vertical-align:middle; white-space:nowrap"><span style="color:#000000"><strong>&nbsp;STT</strong></span></td>\r\n\t\t\t<td rowspan="3" style="text-align:center; vertical-align:middle; white-space:nowrap"><span style="color:#000000"><strong>&nbsp;PH&Ograve;NG BAN, ĐƠN VỊ</strong></span></td>\r\n\t\t\t<td rowspan="3" style="text-align:center; vertical-align:middle; white-space:nowrap"><span style="color:#000000"><strong>&nbsp;SỐ LƯỢNG</strong></span></td>\r\n\t\t\t<td colspan="5" style="text-align:center; vertical-align:middle; white-space:nowrap"><span style="color:#000000"><strong>&nbsp;TR&Igrave;NH ĐỘ</strong></span></td>\r\n\t\t</tr>\r\n\t\t<tr>\r\n\t\t\t<td rowspan="2" style="text-align:center; vertical-align:middle; white-space:nowrap"><span style="color:#000000"><strong>&nbsp;ĐẠI HỌC</strong></span></td>\r\n\t\t\t<td rowspan="2" style="text-align:center; vertical-align:middle; white-space:nowrap"><span style="color:#000000"><strong>TRUNG CẤP</strong></span></td>\r\n\t\t\t<td rowspan="2" style="text-align:center; vertical-align:middle; white-space:nowrap"><span style="color:#000000"><strong>CNKT</strong></span></td>\r\n\t\t\t<td colspan="2" style="text-align:center; vertical-align:middle; white-space:nowrap"><span style="color:#000000"><strong>BẬC</strong></span></td>\r\n\t\t</tr>\r\n\t\t<tr>\r\n\t\t\t<td style="text-align:center; vertical-align:middle; white-space:nowrap"><span style="color:#000000"><strong>&nbsp;&le; Bậc 4</strong></span></td>\r\n\t\t\t<td style="text-align:center; vertical-align:middle; white-space:nowrap"><span style="color:#000000"><strong>&ge; Bậc 4</strong></span></td>\r\n\t\t</tr>\r\n\t\t<tr>\r\n\t\t\t<td style="text-align:center; vertical-align:middle"><span style="color:#000000">&nbsp;01</span></td>\r\n\t\t\t<td><span style="color:#000000">&nbsp;Ban Tổng gi&aacute;m đốc&nbsp;</span></td>\r\n\t\t\t<td style="text-align:center; vertical-align:middle"><span style="color:#000000">&nbsp;5</span></td>\r\n\t\t\t<td style="text-align:center; vertical-align:middle"><span style="color:#000000">&nbsp;4</span></td>\r\n\t\t\t<td style="text-align:center; vertical-align:middle"><span style="color:#000000">&nbsp;1</span></td>\r\n\t\t\t<td style="text-align:center; vertical-align:middle">&nbsp;</td>\r\n\t\t\t<td style="text-align:center; vertical-align:middle">&nbsp;</td>\r\n\t\t\t<td style="text-align:center; vertical-align:middle">&nbsp;</td>\r\n\t\t</tr>\r\n\t\t<tr>\r\n\t\t\t<td style="text-align:center; vertical-align:middle"><span style="color:#000000">&nbsp;02</span></td>\r\n\t\t\t<td><span style="color:#000000">&nbsp;Ph&ograve;ng Kỹ thuật</span></td>\r\n\t\t\t<td style="text-align:center; vertical-align:middle"><span style="color:#000000">&nbsp;12</span></td>\r\n\t\t\t<td style="text-align:center; vertical-align:middle"><span style="color:#000000">&nbsp;9</span></td>\r\n\t\t\t<td style="text-align:center; vertical-align:middle"><span style="color:#000000">&nbsp;3</span></td>\r\n\t\t\t<td>&nbsp;</td>\r\n\t\t\t<td>&nbsp;</td>\r\n\t\t\t<td>&nbsp;</td>\r\n\t\t</tr>\r\n\t\t<tr>\r\n\t\t\t<td style="text-align:center; vertical-align:middle"><span style="color:#000000">&nbsp;03</span></td>\r\n\t\t\t<td><span style="color:#000000">&nbsp;Ph&ograve;ng Kế to&aacute;n - T&agrave;i ch&iacute;nh</span></td>\r\n\t\t\t<td style="text-align:center; vertical-align:middle"><span style="color:#000000">&nbsp;11&nbsp;</span></td>\r\n\t\t\t<td style="text-align:center; vertical-align:middle"><span style="color:#000000">&nbsp;9</span></td>\r\n\t\t\t<td style="text-align:center; vertical-align:middle"><span style="color:#000000">&nbsp;2</span></td>\r\n\t\t\t<td>&nbsp;</td>\r\n\t\t\t<td>&nbsp;</td>\r\n\t\t\t<td>&nbsp;</td>\r\n\t\t</tr>\r\n\t\t<tr>\r\n\t\t\t<td style="text-align:center; vertical-align:middle"><span style="color:#000000">&nbsp;04</span></td>\r\n\t\t\t<td><span style="color:#000000">&nbsp;Ph&ograve;ng Kế hoạch - Tổng hợp</span></td>\r\n\t\t\t<td style="text-align:center; vertical-align:middle"><span style="color:#000000">&nbsp;11</span></td>\r\n\t\t\t<td style="text-align:center; vertical-align:middle"><span style="color:#000000">&nbsp;9</span></td>\r\n\t\t\t<td style="text-align:center; vertical-align:middle"><span style="color:#000000">&nbsp;2</span></td>\r\n\t\t\t<td>&nbsp;</td>\r\n\t\t\t<td>&nbsp;</td>\r\n\t\t\t<td>&nbsp;</td>\r\n\t\t</tr>\r\n\t\t<tr>\r\n\t\t\t<td style="text-align:center; vertical-align:middle"><span style="color:#000000">&nbsp;05</span></td>\r\n\t\t\t<td><span style="color:#000000">&nbsp;Ph&ograve;ng Tổ chức - H&agrave;nh ch&iacute;nh&nbsp;</span></td>\r\n\t\t\t<td style="text-align:center; vertical-align:middle"><span style="color:#000000">&nbsp;13</span></td>\r\n\t\t\t<td style="text-align:center; vertical-align:middle"><span style="color:#000000">&nbsp;8</span></td>\r\n\t\t\t<td style="text-align:center; vertical-align:middle"><span style="color:#000000">&nbsp;1</span></td>\r\n\t\t\t<td style="text-align:center; vertical-align:middle"><span style="color:#000000">&nbsp;4</span></td>\r\n\t\t\t<td style="text-align:center; vertical-align:middle"><span style="color:#000000">&nbsp;4</span></td>\r\n\t\t\t<td>&nbsp;</td>\r\n\t\t</tr>\r\n\t\t<tr>\r\n\t\t\t<td style="text-align:center; vertical-align:middle"><span style="color:#000000">&nbsp;06</span></td>\r\n\t\t\t<td><span style="color:#000000">&nbsp;Chuy&ecirc;n ng&agrave;nh cầu đường</span></td>\r\n\t\t\t<td style="text-align:center; vertical-align:middle"><span style="color:#000000">&nbsp;432</span></td>\r\n\t\t\t<td style="text-align:center; vertical-align:middle"><span style="color:#000000">&nbsp;50</span></td>\r\n\t\t\t<td style="text-align:center; vertical-align:middle"><span style="color:#000000">&nbsp;30</span></td>\r\n\t\t\t<td style="text-align:center; vertical-align:middle"><span style="color:#000000">&nbsp;352</span></td>\r\n\t\t\t<td style="text-align:center; vertical-align:middle"><span style="color:#000000">&nbsp;250</span></td>\r\n\t\t\t<td style="text-align:center; vertical-align:middle"><span style="color:#000000">&nbsp;102</span></td>\r\n\t\t</tr>\r\n\t\t<tr>\r\n\t\t\t<td style="text-align:center; vertical-align:middle"><span style="color:#000000">&nbsp;07</span></td>\r\n\t\t\t<td><span style="color:#000000">&nbsp;Chuy&ecirc;n ng&agrave;nh thủy lợi</span></td>\r\n\t\t\t<td style="text-align:center; vertical-align:middle"><span style="color:#000000">&nbsp;307</span></td>\r\n\t\t\t<td style="text-align:center; vertical-align:middle"><span style="color:#000000">&nbsp;20</span></td>\r\n\t\t\t<td style="text-align:center; vertical-align:middle"><span style="color:#000000">&nbsp;20</span></td>\r\n\t\t\t<td style="text-align:center; vertical-align:middle"><span style="color:#000000">&nbsp;267</span></td>\r\n\t\t\t<td style="text-align:center; vertical-align:middle"><span style="color:#000000">&nbsp;130</span></td>\r\n\t\t\t<td style="text-align:center; vertical-align:middle"><span style="color:#000000">&nbsp;137</span></td>\r\n\t\t</tr>\r\n\t\t<tr>\r\n\t\t\t<td style="text-align:center; vertical-align:middle"><span style="color:#000000">&nbsp;08</span></td>\r\n\t\t\t<td><span style="color:#000000">&nbsp;Chuy&ecirc;n ng&agrave;nh x&acirc;y dựng d&acirc;n dụng</span></td>\r\n\t\t\t<td style="text-align:center; vertical-align:middle"><span style="color:#000000">&nbsp;152</span></td>\r\n\t\t\t<td style="text-align:center; vertical-align:middle"><span style="color:#000000">&nbsp;10</span></td>\r\n\t\t\t<td style="text-align:center; vertical-align:middle"><span style="color:#000000">&nbsp;10</span></td>\r\n\t\t\t<td style="text-align:center; vertical-align:middle"><span style="color:#000000">&nbsp;132</span></td>\r\n\t\t\t<td style="text-align:center; vertical-align:middle"><span style="color:#000000">&nbsp;80</span></td>\r\n\t\t\t<td style="text-align:center; vertical-align:middle"><span style="color:#000000">&nbsp;52</span></td>\r\n\t\t</tr>\r\n\t\t<tr>\r\n\t\t\t<td style="text-align:center; vertical-align:middle"><span style="color:#000000">&nbsp;09</span></td>\r\n\t\t\t<td><span style="color:#000000">&nbsp;Chuy&ecirc;n ng&agrave;nh trắc đạc, địa chất, khai th&aacute;c, TN</span></td>\r\n\t\t\t<td style="text-align:center; vertical-align:middle"><span style="color:#000000">&nbsp;39</span></td>\r\n\t\t\t<td style="text-align:center; vertical-align:middle"><span style="color:#000000">&nbsp;6</span></td>\r\n\t\t\t<td style="text-align:center; vertical-align:middle"><span style="color:#000000">&nbsp;4</span></td>\r\n\t\t\t<td style="text-align:center; vertical-align:middle"><span style="color:#000000">&nbsp;29</span></td>\r\n\t\t\t<td style="text-align:center; vertical-align:middle"><span style="color:#000000">&nbsp;9</span></td>\r\n\t\t\t<td style="text-align:center; vertical-align:middle"><span style="color:#000000">&nbsp;20</span></td>\r\n\t\t</tr>\r\n\t\t<tr>\r\n\t\t\t<td style="text-align:center; vertical-align:middle"><span style="color:#000000">&nbsp;10</span></td>\r\n\t\t\t<td><span style="color:#000000">&nbsp;Chuy&ecirc;n ng&agrave;nh xe m&aacute;y</span></td>\r\n\t\t\t<td style="text-align:center; vertical-align:middle"><span style="color:#000000">&nbsp;310</span></td>\r\n\t\t\t<td style="text-align:center; vertical-align:middle"><span style="color:#000000">&nbsp;5</span></td>\r\n\t\t\t<td style="text-align:center; vertical-align:middle"><span style="color:#000000">&nbsp;15</span></td>\r\n\t\t\t<td style="text-align:center; vertical-align:middle"><span style="color:#000000">&nbsp;290</span></td>\r\n\t\t\t<td style="text-align:center; vertical-align:middle"><span style="color:#000000">&nbsp;210</span></td>\r\n\t\t\t<td style="text-align:center; vertical-align:middle"><span style="color:#000000">&nbsp;80</span></td>\r\n\t\t</tr>\r\n\t\t<tr>\r\n\t\t\t<td>&nbsp;</td>\r\n\t\t\t<td><span style="color:#000000">&nbsp;<strong>Cộng</strong></span></td>\r\n\t\t\t<td style="text-align:center; vertical-align:middle"><span style="color:#000000"><strong>&nbsp;1.292</strong></span></td>\r\n\t\t\t<td style="text-align:center; vertical-align:middle"><span style="color:#000000"><strong>&nbsp;130&nbsp;</strong></span></td>\r\n\t\t\t<td style="text-align:center; vertical-align:middle"><span style="color:#000000"><strong>&nbsp;88</strong></span></td>\r\n\t\t\t<td style="text-align:center; vertical-align:middle"><span style="color:#000000"><strong>&nbsp;1.074</strong></span></td>\r\n\t\t\t<td style="text-align:center; vertical-align:middle"><span style="color:#000000"><strong>&nbsp;683</strong></span></td>\r\n\t\t\t<td style="text-align:center; vertical-align:middle"><span style="color:#000000"><strong>&nbsp;391</strong></span></td>\r\n\t\t</tr>\r\n\t</tbody>\r\n</table>\r\n\r\n<p style="text-align:center">&nbsp;</p>\r\n	Organization	Brief of the organizational structure	<p>+&nbsp;Department of&nbsp;Organization - Administration,&nbsp;Department of&nbsp;Planning and General Affairs&nbsp;,&nbsp;Technical Department,Department of Accounting &ndash; Finance&nbsp;and a workshop.<br />\r\n+ The Company has grassroots trade union founded in March 2004.<br />\r\n+ The Company has the party unit founded in June 2005.<br />\r\n+ Total number of employees are 1,292 in which there are 130 employees with the Degree of Bachelor, 88 employees with Degree of Associate and 1,074 employees with Degree of professional high school and&nbsp; technical workers.</p>\r\n\r\n<table border="1" cellpadding="2" cellspacing="0">\r\n\t<tbody>\r\n\t\t<tr>\r\n\t\t\t<td rowspan="3">\r\n\t\t\t<p style="text-align:center"><strong>No.</strong></p>\r\n\t\t\t</td>\r\n\t\t\t<td rowspan="3">\r\n\t\t\t<p style="text-align:center"><strong>Department</strong></p>\r\n\t\t\t</td>\r\n\t\t\t<td rowspan="3">\r\n\t\t\t<p style="text-align:center"><strong>Quantity</strong></p>\r\n\t\t\t</td>\r\n\t\t\t<td colspan="5">\r\n\t\t\t<p style="text-align:center"><strong>LEVEL</strong></p>\r\n\t\t\t</td>\r\n\t\t</tr>\r\n\t\t<tr>\r\n\t\t\t<td rowspan="2">\r\n\t\t\t<p style="text-align:center">Degree of Bachelor</p>\r\n\t\t\t</td>\r\n\t\t\t<td rowspan="2">\r\n\t\t\t<p style="text-align:center">Degree of professional high school</p>\r\n\t\t\t</td>\r\n\t\t\t<td rowspan="2">\r\n\t\t\t<p style="text-align:center">Technical workers</p>\r\n\t\t\t</td>\r\n\t\t\t<td colspan="2">\r\n\t\t\t<p style="text-align:center"><strong>Level</strong></p>\r\n\t\t\t</td>\r\n\t\t</tr>\r\n\t\t<tr>\r\n\t\t\t<td>\r\n\t\t\t<p style="text-align:center"><strong>&le; Level 4</strong></p>\r\n\t\t\t</td>\r\n\t\t\t<td>\r\n\t\t\t<p style="text-align:center"><strong>&ge; Level 4</strong></p>\r\n\t\t\t</td>\r\n\t\t</tr>\r\n\t\t<tr>\r\n\t\t\t<td>\r\n\t\t\t<p style="text-align:center">01</p>\r\n\t\t\t</td>\r\n\t\t\t<td>\r\n\t\t\t<p>&nbsp;Board of general manager</p>\r\n\t\t\t</td>\r\n\t\t\t<td>\r\n\t\t\t<p style="text-align:center">5</p>\r\n\t\t\t</td>\r\n\t\t\t<td>\r\n\t\t\t<p style="text-align:center">4</p>\r\n\t\t\t</td>\r\n\t\t\t<td>\r\n\t\t\t<p style="text-align:center">1</p>\r\n\t\t\t</td>\r\n\t\t\t<td>\r\n\t\t\t<p style="text-align:center">&nbsp;</p>\r\n\t\t\t</td>\r\n\t\t\t<td>\r\n\t\t\t<p style="text-align:center">&nbsp;</p>\r\n\t\t\t</td>\r\n\t\t\t<td>\r\n\t\t\t<p style="text-align:center">&nbsp;</p>\r\n\t\t\t</td>\r\n\t\t</tr>\r\n\t\t<tr>\r\n\t\t\t<td>\r\n\t\t\t<p style="text-align:center">02</p>\r\n\t\t\t</td>\r\n\t\t\t<td>\r\n\t\t\t<p>&nbsp;Technical Department</p>\r\n\t\t\t</td>\r\n\t\t\t<td>\r\n\t\t\t<p style="text-align:center">12</p>\r\n\t\t\t</td>\r\n\t\t\t<td>\r\n\t\t\t<p style="text-align:center">9</p>\r\n\t\t\t</td>\r\n\t\t\t<td>\r\n\t\t\t<p style="text-align:center">3</p>\r\n\t\t\t</td>\r\n\t\t\t<td>\r\n\t\t\t<p style="text-align:center">&nbsp;</p>\r\n\t\t\t</td>\r\n\t\t\t<td>\r\n\t\t\t<p style="text-align:center">&nbsp;</p>\r\n\t\t\t</td>\r\n\t\t\t<td>\r\n\t\t\t<p style="text-align:center">&nbsp;</p>\r\n\t\t\t</td>\r\n\t\t</tr>\r\n\t\t<tr>\r\n\t\t\t<td>\r\n\t\t\t<p style="text-align:center">03</p>\r\n\t\t\t</td>\r\n\t\t\t<td>\r\n\t\t\t<p>&nbsp;Department of Accounting &ndash; Finance</p>\r\n\t\t\t</td>\r\n\t\t\t<td>\r\n\t\t\t<p style="text-align:center">11</p>\r\n\t\t\t</td>\r\n\t\t\t<td>\r\n\t\t\t<p style="text-align:center">9</p>\r\n\t\t\t</td>\r\n\t\t\t<td>\r\n\t\t\t<p style="text-align:center">2</p>\r\n\t\t\t</td>\r\n\t\t\t<td>\r\n\t\t\t<p style="text-align:center">&nbsp;</p>\r\n\t\t\t</td>\r\n\t\t\t<td>\r\n\t\t\t<p style="text-align:center">&nbsp;</p>\r\n\t\t\t</td>\r\n\t\t\t<td>\r\n\t\t\t<p style="text-align:center">&nbsp;</p>\r\n\t\t\t</td>\r\n\t\t</tr>\r\n\t\t<tr>\r\n\t\t\t<td>\r\n\t\t\t<p style="text-align:center">04</p>\r\n\t\t\t</td>\r\n\t\t\t<td>\r\n\t\t\t<p>&nbsp;Department of&nbsp;Planning and General Affairs</p>\r\n\t\t\t</td>\r\n\t\t\t<td>\r\n\t\t\t<p style="text-align:center">11</p>\r\n\t\t\t</td>\r\n\t\t\t<td>\r\n\t\t\t<p style="text-align:center">9</p>\r\n\t\t\t</td>\r\n\t\t\t<td>\r\n\t\t\t<p style="text-align:center">2</p>\r\n\t\t\t</td>\r\n\t\t\t<td>\r\n\t\t\t<p style="text-align:center">&nbsp;</p>\r\n\t\t\t</td>\r\n\t\t\t<td>\r\n\t\t\t<p style="text-align:center">&nbsp;</p>\r\n\t\t\t</td>\r\n\t\t\t<td>\r\n\t\t\t<p style="text-align:center">&nbsp;</p>\r\n\t\t\t</td>\r\n\t\t</tr>\r\n\t\t<tr>\r\n\t\t\t<td>\r\n\t\t\t<p style="text-align:center">05</p>\r\n\t\t\t</td>\r\n\t\t\t<td>\r\n\t\t\t<p>&nbsp;Department of&nbsp;Organization - Administration</p>\r\n\t\t\t</td>\r\n\t\t\t<td>\r\n\t\t\t<p style="text-align:center">13</p>\r\n\t\t\t</td>\r\n\t\t\t<td>\r\n\t\t\t<p style="text-align:center">8</p>\r\n\t\t\t</td>\r\n\t\t\t<td>\r\n\t\t\t<p style="text-align:center">1</p>\r\n\t\t\t</td>\r\n\t\t\t<td>\r\n\t\t\t<p style="text-align:center">4</p>\r\n\t\t\t</td>\r\n\t\t\t<td>\r\n\t\t\t<p style="text-align:center">4</p>\r\n\t\t\t</td>\r\n\t\t\t<td>\r\n\t\t\t<p style="text-align:center">&nbsp;</p>\r\n\t\t\t</td>\r\n\t\t</tr>\r\n\t\t<tr>\r\n\t\t\t<td>\r\n\t\t\t<p style="text-align:center">06</p>\r\n\t\t\t</td>\r\n\t\t\t<td>\r\n\t\t\t<p>&nbsp;Major in bridges and roads</p>\r\n\t\t\t</td>\r\n\t\t\t<td>\r\n\t\t\t<p style="text-align:center">432</p>\r\n\t\t\t</td>\r\n\t\t\t<td>\r\n\t\t\t<p style="text-align:center">50</p>\r\n\t\t\t</td>\r\n\t\t\t<td>\r\n\t\t\t<p style="text-align:center">30</p>\r\n\t\t\t</td>\r\n\t\t\t<td>\r\n\t\t\t<p style="text-align:center">352</p>\r\n\t\t\t</td>\r\n\t\t\t<td>\r\n\t\t\t<p style="text-align:center">250</p>\r\n\t\t\t</td>\r\n\t\t\t<td>\r\n\t\t\t<p style="text-align:center">102</p>\r\n\t\t\t</td>\r\n\t\t</tr>\r\n\t\t<tr>\r\n\t\t\t<td>\r\n\t\t\t<p style="text-align:center">07</p>\r\n\t\t\t</td>\r\n\t\t\t<td>\r\n\t\t\t<p>&nbsp;Major in irrigation</p>\r\n\t\t\t</td>\r\n\t\t\t<td>\r\n\t\t\t<p style="text-align:center">307</p>\r\n\t\t\t</td>\r\n\t\t\t<td>\r\n\t\t\t<p style="text-align:center">20</p>\r\n\t\t\t</td>\r\n\t\t\t<td>\r\n\t\t\t<p style="text-align:center">20</p>\r\n\t\t\t</td>\r\n\t\t\t<td>\r\n\t\t\t<p style="text-align:center">267</p>\r\n\t\t\t</td>\r\n\t\t\t<td>\r\n\t\t\t<p style="text-align:center">130</p>\r\n\t\t\t</td>\r\n\t\t\t<td>\r\n\t\t\t<p style="text-align:center">137</p>\r\n\t\t\t</td>\r\n\t\t</tr>\r\n\t\t<tr>\r\n\t\t\t<td>\r\n\t\t\t<p style="text-align:center">08</p>\r\n\t\t\t</td>\r\n\t\t\t<td>\r\n\t\t\t<p>&nbsp;Major in civil construction</p>\r\n\t\t\t</td>\r\n\t\t\t<td>\r\n\t\t\t<p style="text-align:center">152</p>\r\n\t\t\t</td>\r\n\t\t\t<td>\r\n\t\t\t<p style="text-align:center">10</p>\r\n\t\t\t</td>\r\n\t\t\t<td>\r\n\t\t\t<p style="text-align:center">10</p>\r\n\t\t\t</td>\r\n\t\t\t<td>\r\n\t\t\t<p style="text-align:center">132</p>\r\n\t\t\t</td>\r\n\t\t\t<td>\r\n\t\t\t<p style="text-align:center">80</p>\r\n\t\t\t</td>\r\n\t\t\t<td>\r\n\t\t\t<p style="text-align:center">52</p>\r\n\t\t\t</td>\r\n\t\t</tr>\r\n\t\t<tr>\r\n\t\t\t<td>\r\n\t\t\t<p style="text-align:center">09</p>\r\n\t\t\t</td>\r\n\t\t\t<td>\r\n\t\t\t<p>&nbsp;Major in surveying, geology, mining</p>\r\n\t\t\t</td>\r\n\t\t\t<td>\r\n\t\t\t<p style="text-align:center">39</p>\r\n\t\t\t</td>\r\n\t\t\t<td>\r\n\t\t\t<p style="text-align:center">6</p>\r\n\t\t\t</td>\r\n\t\t\t<td>\r\n\t\t\t<p style="text-align:center">4</p>\r\n\t\t\t</td>\r\n\t\t\t<td>\r\n\t\t\t<p style="text-align:center">29</p>\r\n\t\t\t</td>\r\n\t\t\t<td>\r\n\t\t\t<p style="text-align:center">9</p>\r\n\t\t\t</td>\r\n\t\t\t<td>\r\n\t\t\t<p style="text-align:center">20</p>\r\n\t\t\t</td>\r\n\t\t</tr>\r\n\t\t<tr>\r\n\t\t\t<td>\r\n\t\t\t<p style="text-align:center">10</p>\r\n\t\t\t</td>\r\n\t\t\t<td>\r\n\t\t\t<p>&nbsp;Major in motorcycle</p>\r\n\t\t\t</td>\r\n\t\t\t<td>\r\n\t\t\t<p style="text-align:center">310</p>\r\n\t\t\t</td>\r\n\t\t\t<td>\r\n\t\t\t<p style="text-align:center">5</p>\r\n\t\t\t</td>\r\n\t\t\t<td>\r\n\t\t\t<p style="text-align:center">15</p>\r\n\t\t\t</td>\r\n\t\t\t<td>\r\n\t\t\t<p style="text-align:center">290</p>\r\n\t\t\t</td>\r\n\t\t\t<td>\r\n\t\t\t<p style="text-align:center">210</p>\r\n\t\t\t</td>\r\n\t\t\t<td>\r\n\t\t\t<p style="text-align:center">80</p>\r\n\t\t\t</td>\r\n\t\t</tr>\r\n\t\t<tr>\r\n\t\t\t<td>\r\n\t\t\t<p style="text-align:center">&nbsp;</p>\r\n\t\t\t</td>\r\n\t\t\t<td>\r\n\t\t\t<p><strong>&nbsp;Total</strong></p>\r\n\t\t\t</td>\r\n\t\t\t<td>\r\n\t\t\t<p style="text-align:center"><strong>1.292</strong></p>\r\n\t\t\t</td>\r\n\t\t\t<td>\r\n\t\t\t<p style="text-align:center"><strong>130</strong></p>\r\n\t\t\t</td>\r\n\t\t\t<td>\r\n\t\t\t<p style="text-align:center"><strong>88</strong></p>\r\n\t\t\t</td>\r\n\t\t\t<td>\r\n\t\t\t<p style="text-align:center"><strong>1.074</strong></p>\r\n\t\t\t</td>\r\n\t\t\t<td>\r\n\t\t\t<p style="text-align:center"><strong>683</strong></p>\r\n\t\t\t</td>\r\n\t\t\t<td>\r\n\t\t\t<p style="text-align:center"><strong>391</strong></p>\r\n\t\t\t</td>\r\n\t\t</tr>\r\n\t</tbody>\r\n</table>\r\n	2016-03-26 03:35:53.606565	2016-03-30 10:12:27.059362
\.


--
-- Name: organizations_id_seq; Type: SEQUENCE SET; Schema: public; Owner: vietren
--

SELECT pg_catalog.setval('organizations_id_seq', 1, true);


--
-- Data for Name: project_details; Type: TABLE DATA; Schema: public; Owner: vietren
--

COPY project_details (id, image_url, project_id, created_at, updated_at) FROM stdin;
\.


--
-- Name: project_details_id_seq; Type: SEQUENCE SET; Schema: public; Owner: vietren
--

SELECT pg_catalog.setval('project_details_id_seq', 1, false);


--
-- Data for Name: project_tags; Type: TABLE DATA; Schema: public; Owner: vietren
--

COPY project_tags (id, title_vn, content_vn, title_en, content_en, created_at, updated_at) FROM stdin;
1	Công trình đã hoàn thành		Completed Construction Works		2016-03-28 03:49:05.274771	2016-03-29 03:33:27.516712
2	Công trình đang thi công		Under Construction Works		2016-03-28 03:49:25.087835	2016-03-29 03:33:43.007742
3	Dự án công ty đang đầu tư		Investment projects		2016-03-30 09:12:58.085167	2016-03-30 09:12:58.085167
\.


--
-- Name: project_tags_id_seq; Type: SEQUENCE SET; Schema: public; Owner: vietren
--

SELECT pg_catalog.setval('project_tags_id_seq', 3, true);


--
-- Data for Name: projects; Type: TABLE DATA; Schema: public; Owner: vietren
--

COPY projects (id, image_url, name_vn, name_en, total_value, cost_performance, start_at, end_at, name_company, name_country, content_vn, content_en, created_at, updated_at, name_company_en, name_country_en, project_tag_id, success, project_detail_id) FROM stdin;
25	\N	Gói thầu số 7: Km50+450 – Km61+00 – Dự án khôi phục, cải tạo Quốc lộ 20 (GĐI)	Package 7: Km50+450 – Km61+00 – The project to restore and renovate Highway 20 (Phase 1)	218386480570.0	218386480570.0	2013-03-15 00:00:00	2015-03-29 00:00:00	Công ty CP BT20 – Cửu Long	Việt Nam			2016-03-29 08:15:19.355613	2016-03-30 09:00:44.372873	BT20 Joint Stock Company - Cuu Long	Vietnam	2	False	\N
2	\N	Đường Hồ Chí Minh nhánh Tây \t	Ho Chi Minh Road West route	85000000000.0	31000000000.0	2001-01-01 00:00:00	2003-01-01 00:00:00	Công ty XD 319 - BQP	Việt Nam			2016-03-28 03:58:38.925179	2016-03-30 08:02:21.284322	319 Construction Company - MOD	Vietnam	1	False	\N
3	\N	Đường Hùng Vương nối dài 	Hung Vuong extension road 	20079585000.0	20079585000.0	2005-01-01 00:00:00	2006-01-01 00:00:00	Ban QLDA ĐT&XD CSHT tỉnh Quảng Trị	Việt Nam			2016-03-28 03:59:55.372478	2016-03-30 08:03:20.734258	Quang Tri Project Management Board ofInfrastructure Investment & Construction 	Vietnam	1	False	\N
4	\N	Đường vào nhà máy thủy lợi thủy điện	Road to the hydroelectric irrigation plants	21811411000.0	21811811000.0	2003-01-01 00:00:00	2004-01-01 00:00:00	Ban QLDA thủy điện 2	Việt Nam			2016-03-28 04:00:49.116936	2016-03-30 08:04:05.16933	Management Board  of Hydroelectric Project 2 	Vietnam	1	False	\N
5	\N	Đường vào nhà máy thủy điện A Vương	Road to A Vuong hydroelectric irrigation plants	29159096000.0	29159096000.0	2003-01-01 00:00:00	2005-02-01 00:00:00	Ban QLDA Thuỷ điện 3 \t	Việt Nam			2016-03-28 04:01:45.155391	2016-03-30 08:10:39.924138	Management Board of Hydroelectric Project 3	Vietnam	1	False	\N
6	\N	Đường GT nối TĐ Bản Chát - TĐ Huội Quảng	Concrete road linking Ban Chat hydropower - Huoi Quang Hydropower	32964000000.0	32964000000.0	2006-03-01 00:00:00	2007-03-01 00:00:00	BQLDA Thủy điện 1 	Việt Nam			2016-03-28 04:02:49.222007	2016-03-30 08:11:28.363818	Management Board of Hydroelectric Project 1	Vietnam	1	False	\N
9	\N	Đường GT vào công trình TĐ Huội Quảng	Traffic road to Huoi Quang Hydropower project	51758000000.0	24838000000.0	2006-03-02 00:00:00	2007-03-01 00:00:00	BQLDA Thủy điện 1	Việt Nam			2016-03-29 07:34:30.97747	2016-03-30 08:12:56.751938	Management Board of Hydroelectric Project 1	Vietnam	1	False	\N
10	\N	Thi công đập chính, CT: thủy lợi Cửa Đạt	Construction of main dam, Works: Cua Dat Irrigation	200000000000.0	200000000000.0	2005-03-03 00:00:00	2008-02-07 00:00:00	Tổng công ty xây dựng thủy lợi 4	Việt Nam			2016-03-29 07:35:32.903014	2016-03-30 08:14:19.905152	General Irrigation Construction Company 4	Vietnam	1	False	\N
11	\N	Quốc lộ 12A đoạn Minh Cầm - Đồng Lê – QB	Highway 12 A, Minh Cam – Dong Le, Quang Binh route 	18474519000.0	18474519000.0	2007-03-02 00:00:00	2008-03-06 00:00:00	BQL DA GT Quảng Bình	Việt Nam			2016-03-29 07:39:34.018823	2016-03-30 08:16:09.068515	Management Board oftraffic Project 1	Vietnam	1	False	\N
12	\N	Thi công san lấp mặt bằng - Dự án: Trung tâm Điện lực Thái Bình	Construction of leveling - Project: Thai Binh electricity center	185482579644.0	185482579644.0	2009-01-01 00:00:00	2009-12-01 00:00:00	Tổng Công ty CP xây lắp Dầu khí VN	Việt Nam			2016-03-29 07:53:20.825479	2016-03-30 08:17:44.551509	Petroleum Construction Joint Stock Corporation of Viet nam 	Vietnam	1	False	\N
13	\N	Gói thầu số 3 - Quốc lộ 12A, tỉnh Quảng Bình	Package 3 - National Highway 12A, Quang Binh Province	65098006000.0	65098006000.0	2008-01-01 00:00:00	2009-01-01 00:00:00	BQL DA GT Quảng Bình	Việt Nam			2016-03-29 07:54:11.729283	2016-03-30 08:20:31.654155	Quang Binh Management Board oftraffic Project 	Vietnam	1	False	\N
14	\N	Gói thầu số 9 - Đường vào cảng và ga Cái Lân	Package 9 - Road to Cai Lan Port and Station 	209819829839.0	98904282316.0	2007-03-01 00:00:00	2013-01-03 00:00:00	Cục Đường sắt Việt Nam	Việt Nam			2016-03-29 07:55:48.383026	2016-03-30 08:22:50.851556	Railway Department of Viet nam	Vietnam	1	False	\N
15	\N	Gói thầu R9 - Tây Thanh Hoá	Package R9 - Western Thanh Hoa Province	105412908000.0	105412908000.0	2007-03-01 00:00:00	2010-03-04 00:00:00	BQLDA GT 2 Thanh Hoá	Việt Nam			2016-03-29 07:56:35.949693	2016-03-30 08:28:03.161461	Thanh Hoa Management Board ofTraffic Project 2	Vietnam	1	False	\N
16	\N	Gói thầu số 10: Đường Trần Nguyên Hãn và san nền khu tái định cư	Package10: Tran Nguyen Han road and leveling resettlement areas	60046199000.0	60046199000.0	2010-02-04 00:00:00	2012-01-05 00:00:00	Ban QLDAĐT&XD Tp Đông Hà	Việt Nam			2016-03-29 07:57:27.429516	2016-03-30 08:29:28.420533	Board of Investment and Construction Project Management Of Dong Ha City	Vietnam	1	False	\N
17	\N	Gói thầu số 2 - Đường sắt Yên Viên - Phả Lại - Hạ Long	Package 2:- Yen Vien – Pha Lai - Ha Long railway	180549830000.0	124179831498.0	2008-01-10 00:00:00	2012-01-12 00:00:00	Cục Đường sắt Việt Nam	Việt Nam			2016-03-29 07:58:19.390698	2016-03-30 08:31:29.638609	Vietnam Railway Department	Vietnam	1	False	\N
18	\N	Đường biên giới Tân Long đi A Dơi	Tan Long – A Doi borderline	143933337000.0	143933337000.0	2012-03-02 00:00:00	2014-02-06 00:00:00	Ban QLDA GT Quảng Trị	Việt Nam			2016-03-29 07:59:02.330913	2016-03-30 08:33:17.753532	Quang Tri Management Boardoftraffic Project 	Vietnam	1	False	\N
1	\N	Đường tỉnh lộ 74 Thừa Thiên - Huế (gói 11)	Provincial road 74  Of Thua Thien Hue (Package 11)	203539994000.0	203539994000.0	2011-03-10 00:00:00	2013-03-01 00:00:00	Bộ CHQS tỉnh TT Huế	Việt Nam			2016-03-28 03:56:28.666001	2016-03-30 08:34:52.230588	Board of Military Commanders of Thua Thien Hue	Vietnam	1	False	\N
19	\N	Đường Nguyễn Tri Phương nối dài - Tp Đà Nẵng	Nguyen Tri Phuong - Da Nang Extension Street	324083958201.0	192397986427.0	2011-02-05 00:00:00	2013-02-07 00:00:00	Ban QL DA ĐT CSHT ưu tiên Tp Đà Nẵng	Việt Nam			2016-03-29 08:00:06.655102	2016-03-30 08:38:49.578053	Infrastructure Investment Project Management Board of Da Nang City	Vietnam	1	False	\N
20	\N	Gói thầu số 9: Xây dựng đoạn Km 240+500 - Km253+00 Quốc lộ 27	Package 9: Construction of Km 240+500 - Km253+00 Highway 27 route	87665580000.0	87665580000.0	2010-03-04 00:00:00	2013-03-06 00:00:00	Ban QL DA 2	Việt Nam			2016-03-29 08:01:16.155177	2016-03-30 08:40:57.527782	Project Management Board 2	Vietnam	1	False	\N
21	\N	Gói thầu số 10: Xây dựng đoạn Km253+00 - Km266+230 Quốc lộ 27	Package 10: Construction of Km253+00 - Km266+230 Highway 27 route	100297508000.0	100297508000.0	2010-03-29 00:00:00	2013-03-29 00:00:00	Ban QL DA 2	Việt Nam			2016-03-29 08:02:14.265118	2016-03-30 08:42:20.419614	Project Management Board 2	Vietnam	1	False	\N
23	\N	Gói thầu số 25 cải tạo, sửa chữa tuyến ĐT.769 Đồng Nai	Package 25:  renovation and repair of route.769 of Dong Nai	50360804000.0	50360804000.0	2012-03-09 00:00:00	2013-03-29 00:00:00	Khu QL Đường bộ, đường thuỷ Đồng Nai	Việt Nam			2016-03-29 08:03:44.95667	2016-03-30 08:47:57.288219	Dong Nai Board of Road & Waterway Management 	Vietnam	1	False	\N
27	\N	Gói thầu số 9a: Km68+00 – Km71+800 – Dự án khôi phục, cải tạo Quốc lộ 20 (GĐI)	Package 9a: Km68+00 – Km71+800 – The project to restore and renovate Highway 20 (Phase 1)	84514384000.0	84514384000.0	2013-03-29 00:00:00	2015-03-29 00:00:00	Công ty CP BT20 – Cửu Long	Việt Nam			2016-03-29 08:16:56.073959	2016-03-30 09:04:07.886819	BT20 Joint Stock Company - Cuu Long	Vietnam	2	False	\N
28	\N	Gói thầu số 11: Km108+408 – Km123+105.17 – Dự án khôi phục, cải tạo Quốc lộ 20 (GĐI)	Package 11: Km108+408 – Km123+105.17 – The project to restore and renovate Highway 20 (Phase 1)	335876924100.0	335876924100.0	2013-03-29 00:00:00	2015-03-29 00:00:00	Công ty CP BT20 – Cửu Long	Việt Nam			2016-03-29 08:17:43.776169	2016-03-30 09:05:38.783179	BT20 Joint Stock Company - Cuu Long	Vietnam	2	False	\N
29	\N	Gói thầu xây dựng : Km15+00 – Km30+00 – Dự án Đường biên giới từ xã Tân Long đi A Dơi		121032622000.0	121032622000.0	2014-03-29 00:00:00	2016-03-29 00:00:00	Ban QLDA ĐT&XD giao thông Quảng Trị	Việt Nam			2016-03-29 08:18:35.580652	2016-03-30 09:07:55.440017			2	False	\N
22	\N	Gói thầu số 02 cải tạo, sửa chữa tuyến ĐT.725 Lâm Đồng	Package 02:renovation and repair of Lam Dong route	153959801000.0	153959801000.0	2012-03-01 00:00:00	2013-03-29 00:00:00	Sở Giao thông Lâm Đồng	Việt Nam			2016-03-29 08:02:59.565657	2016-03-30 08:44:44.393752	Lam Dong Department of Transportation	Vietnam	1	False	\N
24	\N	Công trình thuỷ điện Sông Tranh 3: Gói thầu XD2	Song Tranh 3 Hydropower project: Package 2	772078371000.0	772078371000.0	2010-03-09 00:00:00	2012-03-08 00:00:00	Công ty cổ phần thuỷ điện Sông Tranh 3	Việt Nam			2016-03-29 08:04:40.648951	2016-03-30 08:49:56.692422	Song Tranh 3 Hydropower Joint Stock Company	Vietnam	1	False	\N
26	\N	Gói thầu số 8: Km61+00 – Km68+00 – Dự án khôi phục, cải tạo Quốc lộ 20 (GĐI)	Package 8: Km61+00 – Km68+00 – The project to restore and renovate Highway 20 (Phase 1)	205087716900.0	205087716900.0	2013-02-01 00:00:00	2015-03-29 00:00:00	Công ty CP BT20 – Cửu Long	Việt Nam			2016-03-29 08:16:09.849196	2016-03-30 09:02:21.643535	BT20 Joint Stock Company - Cuu Long	Vietnam	2	False	\N
30	\N		Slag landfill of Vung Ang 1 Thermal Power Plant	196476891490.0	196476891490.0	2013-03-01 00:00:00	2014-03-01 00:00:00		Việt Nam			2016-03-30 09:10:03.552082	2016-03-30 09:10:03.552082	Viet nam General Petroleum Construction Company	Vietnam	2	False	\N
31	\N	Dự án khai thác vàng tại Lào	Gold mining project in Laos	\N	\N	2016-03-30 00:00:00	2016-03-30 00:00:00			<p>- T&ecirc;n Chủ đầu tư: C&ocirc;ng ty cổ phần Việt Ren, C&ocirc;ng ty con tại L&agrave;o: C&ocirc;ng ty TNHH L&agrave;o Việt Ren<br />\r\n- Địa điểm đầu tư: X&atilde; Noong Key Uc, huyện Sansay, tỉnh Atapư, CHDCDN L&agrave;o<br />\r\n- Mục ti&ecirc;u đầu tư: Khai th&aacute;c khai th&aacute;c kho&aacute;ng sản v&agrave;ng đem lại c&ocirc;ng ăn việc l&agrave;m cho hơn 1.000 c&aacute;n bộ c&ocirc;ng nh&acirc;n vi&ecirc;n của hai nước L&agrave;o v&agrave; Việt Nam tạo thu nhập cho Nh&agrave; nước L&agrave;o, Việt Nam v&agrave; C&ocirc;ng ty g&oacute;p phần tăng t&igrave;nh hữu nghị giữa hai nước L&agrave;o v&agrave; Việt Nam anh em. H&agrave;ng năm mang lại doanh thu b&igrave;nh qu&acirc;n 6 ngh&igrave;n tỷ đồng v&agrave; lợi nhuận b&igrave;nh qu&acirc;n 1.200 tỷ đồng.<br />\r\n- Quy m&ocirc; đầu tư: Diện t&iacute;ch khai trường 60 km2, diện t&iacute;ch đầu tư giai đoạn 1: 1,5km2, tổng mức đầu tư giai đoạn 1: 1.775 tỷ đồng, sản lượng v&agrave;ng giai đoạn 1: 47.600 kg.<br />\r\n- Giải ph&aacute;p c&ocirc;ng nghệ: Khai th&aacute;c quặng bằng cơ giới như m&aacute;y x&uacute;c, m&aacute;y khoan đ&aacute; bốc x&uacute;c vận chuyển đến d&acirc;y chuyền nghiền quặng; Nghiền quặng bằng bằng hệ thống trạm nghiền s&agrave;ng đồng bộ c&ocirc;ng suất lớn từ 150 tấn/giờ đến 800 tấn/giờ; Ng&acirc;m ủ v&agrave; thủy luyện t&aacute;ch v&agrave;ng bằng c&ocirc;ng nghệ hiện đại tỷ lệ thu được tr&ecirc;n 95%.<br />\r\n- Tiến độ đầu tư: + Thời gian đầu tư: 12 th&aacute;ng, v&ograve;ng đời dự &aacute;n: 30 năm (c&oacute; thể gia hạn th&ecirc;m t&ugrave;y theo trữ lượng mỏ c&ograve;n lại).</p>\r\n	<p>- Name of the Investor: Viet Ren Corporation, Subsidiary Company in Laos: Laos &ndash; Viet Ren Co., Ltd.<br />\r\n- Investment location: Noong Key Uc village, Sansay District, Atapu Province, Laos<br />\r\n- Investment Objectives: Exploiting gold mining and this creates jobs to more than 1,000 employees of the two countries Laos and Vietnam bringing benefits to Laos and Vietnam besides this the Company has given contribution to the friendship between two countries Laos and Vietnam. Every year the Company brings an average revenue of 6 trillion and an average profit of 1,200 billion VND.<br />\r\n- Investment scale: Mining area is 60 km2, investment area of phase 1 is 1.5 km2, the total investment of phase 1 is 1.775 billion VND, gold output of stage 1 is 47,600 kg.<br />\r\n- Technology Solutions: Mining ore&nbsp; using machines such as excavators, drilling machines transporting to the ore crushing line, crushing the ore by crushing and screening system with high capacity of 150 tons / hour to 800 tons / hour; soaking and using hydrometallurgical methods for the extraction of gold from its ores with modern technology obtaining the ratio of more 95%.<br />\r\n- Progress Investment: + Investment period: 12 months, the project life cycle: 30 years (can be extended depending on remaining reserves of the mine).</p>\r\n	2016-03-30 09:19:40.668392	2016-03-30 09:19:40.668392			3	True	\N
32	\N	Dự án thủy điện Sông Tranh	Song Tranh 3 Hydroelectric Project	\N	\N	2016-03-30 00:00:00	2016-03-30 00:00:00			<p>Chủ đầu tư: C&ocirc;ng ty CP Việt Ren<br />\r\nĐịa điểm đầu tư: Huyện Ti&ecirc;n Phước, tỉnh Quảng Nam<br />\r\nTổng mức đầu tư: 2.000 tỷ<br />\r\nQuy m&ocirc; đầu tư: C&ocirc;ng suất 60MW<br />\r\nTiến độ đầu tư: 03 năm</p>\r\n	<p>Owner: Viet Ren Joint Stock&nbsp;<br />\r\nInvestment location: Tien Phuoc District, Quang Nam Province&nbsp;<br />\r\nTotal investment: 2.000 billion&nbsp;<br />\r\nInvestment Scale: Power 60 mW&nbsp;<br />\r\nProgress of investment: 03 years</p>\r\n	2016-03-30 09:23:24.794253	2016-03-30 09:23:24.794253			3	True	\N
33	\N	Các dự án mỏ đá	The quarry project	\N	\N	2016-03-30 00:00:00	2016-03-30 00:00:00			<p><strong>1/ MỎ Đ&Aacute; KỲ T&Acirc;N, KỲ ANH, H&Agrave; TĨNH</strong><br />\r\n&nbsp;&nbsp; &nbsp;<strong>1.1 Địa điểm đầu tư: </strong>Tại mỏ đ&aacute; Đồi Đ&aacute; Bạc, th&ocirc;n T&acirc;n Thắng, x&atilde; Kỳ T&acirc;n, huyện Kỳ Anh, tỉnh H&agrave; Tĩnh<br />\r\n&nbsp;&nbsp; &nbsp;<strong>1.2 Quy m&ocirc; đầu tư:</strong> Diện t&iacute;ch khai trường 15 ha, c&ocirc;ng suất 250.000 m3/ năm, tổng mức đầu tư: 320 tỷ đồng, sản phẩm thu được bao gồm đ&aacute; học, đ&aacute; dăm c&aacute;c loại, đ&aacute; cấp phối c&aacute;c loại, bột đ&aacute;...<br />\r\n&nbsp;&nbsp; &nbsp;<strong>1.3 Quy tr&igrave;nh C&ocirc;ng nghệ:</strong> Hệ thống dầy chuyền nghiền s&agrave;ng hiện đại c&ocirc;ng suất 450T/h, c&oacute; hệ thống phun nước chống bụi...<br />\r\n&nbsp;&nbsp; &nbsp;<strong>1.4 Tiến độ đầu tư:</strong> Tiến độ x&acirc;y dựng 12 th&aacute;ng, bắt đầu từ th&aacute;ng 1/2013, ho&agrave;n th&agrave;nh đi v&agrave;o sản xuất th&aacute;ng 12/2013, thời gian hoạt động của Dự &aacute;n: 30 năm.</p>\r\n\r\n<p><strong>2/ MỎ Đ&Aacute; KỲ LONG, KỲ ANH, H&Agrave; TĨNH</strong><br />\r\n&nbsp;&nbsp; <strong>&nbsp;2.1 Địa điểm đầu tư:</strong> Tại mỏ đ&aacute; x&atilde; Kỳ Long, huyện Kỳ Anh, tỉnh H&agrave; Tĩnh<br />\r\n&nbsp;&nbsp; <strong>&nbsp;2.2 Quy m&ocirc; đầu tư:</strong> Diện t&iacute;ch khai trường 16 ha, c&ocirc;ng suất 250.000 m3/ năm, tổng mức đầu tư: 330 tỷ đồng, sản phẩm thu được bao gồm đ&aacute; học, đ&aacute; dăm c&aacute;c loại, đ&aacute; cấp phối c&aacute;c loại, bột đ&aacute;...<br />\r\n&nbsp;&nbsp; <strong>&nbsp;2.3 Quy tr&igrave;nh C&ocirc;ng nghệ:</strong> Hệ thống dầy chuyền nghiền s&agrave;ng hiện đại c&ocirc;ng suất 450T/h, c&oacute; hệ thống phun nước chống bụi...<br />\r\n&nbsp;&nbsp; &nbsp;<strong>2.4 Tiến độ đầu tư:</strong> Tiến độ x&acirc;y dựng 12 th&aacute;ng, bắt đầu từ th&aacute;ng 2/2013, ho&agrave;n th&agrave;nh đi v&agrave;o sản xuất th&aacute;ng 01/2014, thời gian hoạt động của Dự &aacute;n: 30 năm.</p>\r\n\r\n<p><strong>3/ MỎ Đ&Aacute; KHE Đ&Aacute; BẠC, PHƯỜNG ĐẬU LI&Ecirc;U, TX HỒNG LĨNH, H&Agrave; TĨNH</strong><br />\r\n&nbsp;&nbsp; <strong>&nbsp;3.1 Địa điểm đầu tư:</strong> Tại mỏ đ&aacute; Khe Đ&aacute; Bạc, Phường Đậu Li&ecirc;u, thị x&atilde; Hồng Lĩnh, tỉnh H&agrave; Tĩnh<br />\r\n&nbsp;&nbsp; <strong>&nbsp;3.2 Quy m&ocirc; đầu tư: </strong>Diện t&iacute;ch khai trường 10 ha, c&ocirc;ng suất 230.000 m3/ năm, tổng mức đầu tư: 300 tỷ đồng, sản phẩm thu được bao gồm đ&aacute; học, đ&aacute; dăm c&aacute;c loại, đ&aacute; cấp phối c&aacute;c loại, bột đ&aacute;...<br />\r\n&nbsp;&nbsp;<strong> &nbsp;3.3 Quy tr&igrave;nh C&ocirc;ng nghệ:</strong> Hệ thống dầy chuyền nghiền s&agrave;ng hiện đại c&ocirc;ng suất 350TT/h - 450T/h, c&oacute; hệ thống phun nước chống bụi...<br />\r\n&nbsp;&nbsp; <strong>&nbsp;3.4 Tiến độ đầu tư: </strong>Tiến độ x&acirc;y dựng 08 th&aacute;ng, bắt đầu từ th&aacute;ng 12/2012, ho&agrave;n th&agrave;nh đi v&agrave;o sản xuất th&aacute;ng 07/2013, thời gian hoạt động của Dự &aacute;n: 30 năm.</p>\r\n\r\n<p><strong>4/ MỎ Đ&Aacute; HUYỆN A LƯỚI THỪA THI&Ecirc;N HUẾ</strong><br />\r\n&nbsp;&nbsp; &nbsp;<strong>4.1 Địa điểm đầu tư: </strong>Tại mỏ đ&aacute; TT A Lưới, huyện A Lưới, tỉnh TT Huế<br />\r\n&nbsp;&nbsp; &nbsp;<strong>4.2 Quy m&ocirc; đầu tư:</strong> Diện t&iacute;ch khai trường 05 ha, c&ocirc;ng suất 50.000 m3/ năm, tổng mức đầu tư: 60 tỷ đồng, sản phẩm thu được bao gồm đ&aacute; học, đ&aacute; dăm c&aacute;c loại, đ&aacute; cấp phối c&aacute;c loại, bột đ&aacute;...<br />\r\n&nbsp;&nbsp; <strong>&nbsp;4.3 Quy tr&igrave;nh C&ocirc;ng nghệ:</strong> Hệ thống dầy chuyền nghiền s&agrave;ng hiện đại c&ocirc;ng suất 150T/h, c&oacute; hệ thống phun nước chống bụi...<br />\r\n&nbsp;&nbsp; &nbsp;<strong>4.4 Tiến độ đầu tư:</strong> Tiến độ x&acirc;y dựng 06 th&aacute;ng, bắt đầu từ th&aacute;ng 2/2013, ho&agrave;n th&agrave;nh đi v&agrave;o sản xuất th&aacute;ng 06/2013, thời gian hoạt động của Dự &aacute;n: 30 năm.</p>\r\n\r\n<p><strong>5/ MỎ Đ&Aacute; NINH THUẬN</strong><br />\r\n&nbsp;&nbsp; &nbsp;<strong>5.1 Địa điểm đầu tư: </strong>Tại mỏ đ&aacute; Ninh Thuận<br />\r\n&nbsp;&nbsp; <strong>&nbsp;5.2 Quy m&ocirc; đầu tư:</strong> Diện t&iacute;ch khai trường 05 ha, c&ocirc;ng suất 50.000 m3/ năm, tổng mức đầu tư: 50 tỷ đồng, sản phẩm thu được bao gồm đ&aacute; học, đ&aacute; dăm c&aacute;c loại, đ&aacute; cấp phối c&aacute;c loại, bột đ&aacute;...<br />\r\n&nbsp;&nbsp;<strong> &nbsp;5.3 Quy tr&igrave;nh C&ocirc;ng nghệ:</strong> Hệ thống dầy chuyền nghiền s&agrave;ng hiện đại c&ocirc;ng suất 150T/h, c&oacute; hệ thống phun nước chống bụi...<br />\r\n&nbsp;&nbsp; <strong>&nbsp;5.4 Tiến độ đầu tư:</strong> Tiến độ x&acirc;y dựng 06 th&aacute;ng, bắt đầu từ th&aacute;ng 2/2012, ho&agrave;n th&agrave;nh đi v&agrave;o sản xuất th&aacute;ng 07/2012, thời gian hoạt động của Dự &aacute;n: 30 năm.</p>\r\n	<p><strong>1/ QUARRY IN &nbsp;KY TAN, KY ANH, HA TINH PROVINCE</strong><br />\r\n<strong>&nbsp; 1.1 Investment location:</strong> At Doi Da Bac Quarry in Tan Thang village, Tan Ky commune, Ky Anh district, Ha Tinh province<br />\r\n<strong>&nbsp; 1.2 Investment Scale:</strong> Mining area is 15 ha, the capacity is 250,000 m3 / year, total investment is 320 billion VND and obtained products include riprap, crushed stone, gravel and stone powder ...<br />\r\n<strong>&nbsp; 1.3 Technology process:</strong> Systems of modern crushing lines with capacity of 450 tons / h with anti-dust sprinkler system ...<br />\r\n<strong>&nbsp; 1.4 Investment progress:</strong> Construction schedule is 12 months, starting from January 2013 completing in December 2013, operational period of the project is 30 years.<br />\r\n<strong>2/ QUARRY IN KY LONG, KY ANH, HA TINH PROVINCE&nbsp;</strong><br />\r\n<strong>&nbsp; 2.1 Investment location:</strong> &nbsp;At the Quarry in Ky Long, Ky Anh district, Ha Tinh province<br />\r\n<strong>&nbsp; 2.2 Investment Scale:</strong> Mining area is 16 ha, the capacity is 250.000 m3/ year, total investment is 330 billion VND , and obtained products include riprap, crushed stone, gravel and stone powder ...<br />\r\n<strong>&nbsp; 2.3 Technology process:</strong> Systems of modern crushing lines with capacity of 450 tons / h with anti-dust sprinkler system ...<br />\r\n<strong>&nbsp; 2.4 Investment progress:</strong> Construction schedule is 12 months, starting from February 2013 completing in January 2014, operational period of the project is 30 years.<br />\r\n<strong>3/ KHE DA BAC QUARRY IN DAU LIEU WARD, HONG LINH TOWN, HA TINH PROVINCE&nbsp;</strong><br />\r\n<strong>&nbsp; 3.1 Investment location: </strong>At Khe Da Bac Quarry, Dau Lieu Ward, Hong Linh Town, Ha Tinh Province&nbsp;<br />\r\n<strong>&nbsp; 3.2 Investment Scale: </strong>Mining area is 10 ha, the capacity is 230.000 m3/ year, total investment is 300 billion VND , and obtained products include riprap, crushed stone, gravel and stone powder ...<br />\r\n<strong>&nbsp; 3.3 Technology process:</strong> Systems of modern crushing lines with capacity of 350 tons/h &ndash; 450 tons/h with anti-dust sprinkler system ...<br />\r\n<strong>&nbsp; 3.4 Investment progress: </strong>Construction schedule is 08 months, starting from December 2012, completing in July 2013, operational period of the project is 30 years.<br />\r\n<strong>4/ QUARRY IN A LUOI DISTRICT, THUA THIEN HUE PROVINCE</strong><br />\r\n&nbsp; <strong>4.1 Investment location:</strong> At the Quarry of A Luoi, A Luoi District, Thua Thien Hue Province&nbsp;<br />\r\n&nbsp;<strong> 4.2 Investment Scale:</strong> Mining area is 05 ha, the capacity is 50.000 m3/ year, total investment is 60 billion VND , and obtained products include riprap, crushed stone, gravel and stone powder ...<br />\r\n&nbsp;<strong> 4.3 Technology process:</strong> Systems of modern crushing lines with capacity of 150 tons/h &nbsp;with anti-dust sprinkler system ...<br />\r\n<strong>&nbsp; 4.4 Investment progress:</strong> Construction schedule is 06 months, starting from February 2013, completing in June 2013, operational period of the project is 30 years.<br />\r\n<strong>5/ QUARRY IN NINH THUAN PROVINCE</strong><br />\r\n<strong>&nbsp; 5.1 Investment l</strong>ocation: At the Quarry of Ninh Thuan Province<br />\r\n<strong>&nbsp; 5.2 Investment Scale: </strong>Mining area is 05 ha, the capacity is 50.000 m3/ year, total investment is 50 billion VND , and obtained products include riprap, crushed stone, gravel and stone powder ...<br />\r\n<strong>&nbsp; 5.3 Technology process: </strong>Systems of modern crushing lines with capacity of 150 tons/h &nbsp;with anti-dust sprinkler system ...<br />\r\n<strong>&nbsp; 5.4 Investment progress:</strong> Construction schedule is 06 months, starting from February 2012, completing in July 2012, operational period of the project is 30 years.</p>\r\n	2016-03-30 09:33:28.019002	2016-03-30 09:33:28.019002			3	True	\N
\.


--
-- Name: projects_id_seq; Type: SEQUENCE SET; Schema: public; Owner: vietren
--

SELECT pg_catalog.setval('projects_id_seq', 33, true);


--
-- Data for Name: schema_migrations; Type: TABLE DATA; Schema: public; Owner: vietren
--

COPY schema_migrations (version) FROM stdin;
20160323024924
20160323025532
20160323025539
20160323025617
20160323030037
20160323035510
20160323084917
20160323085148
20160324040529
20160324040607
20160324070501
20160324075904
20160324080045
20160324090731
20160324091219
20160324091241
20160325022006
20160325022017
20160325024435
20160325033804
20160325042331
20160325083405
20160326021439
20160326043258
20160329040628
20160329161026
20160330032251
20160330033022
\.


--
-- Data for Name: slides; Type: TABLE DATA; Schema: public; Owner: vietren
--

COPY slides (id, image_url, title_vn, content_vn, title_en, content_en, created_at, updated_at) FROM stdin;
1	quoc-lo-20-02.JPG	CÔNG TRÌNH ĐÃ HOÀN THÀNH	CẢI TẠO QUỐC LỘ 20			2016-03-29 08:31:32.838855	2016-03-29 08:31:52.117617
2	quoc-lo-20-03.JPG	CÔNG TRÌNH ĐÃ HOÀN THÀNH	CẢI TẠO QUỐC LỘ 20			2016-03-29 08:44:09.725113	2016-03-29 08:44:09.725113
3	cua-viet-01.jpg	CÔNG TRÌNH ĐÃ HOÀN THÀNH	CỬA VIỆT			2016-03-29 08:48:02.647374	2016-03-29 08:48:02.647374
4	cua-viet-02.jpg	CÔNG TRÌNH ĐÃ HOÀN THÀNH	CỬA VIỆT			2016-03-29 08:48:24.845693	2016-03-29 08:48:24.845693
5	thuy-dien-song-tranh-01.JPG	CÔNG TRÌNH ĐÃ HOÀN THÀNH - ĐANG ĐẦU TƯ	THỦY ĐIỆN SÔNG TRANH			2016-03-29 08:50:11.451524	2016-03-29 08:50:11.451524
6	thuy-dien-song-tranh-02.JPG	CÔNG TRÌNH ĐÃ HOÀN THÀNH - ĐANG ĐẦU TƯ	THỦY ĐIỆN SÔNG TRANH			2016-03-29 08:50:21.29682	2016-03-29 08:50:21.29682
7	thuy-dien-song-tranh-03.JPG	CÔNG TRÌNH ĐÃ HOÀN THÀNH - ĐANG ĐẦU TƯ	THỦY ĐIỆN SÔNG TRANH			2016-03-29 08:50:30.926641	2016-03-29 08:50:30.926641
8	thuy-dien-song-tranh-04.JPG	CÔNG TRÌNH ĐÃ HOÀN THÀNH - ĐANG ĐẦU TƯ	THỦY ĐIỆN SÔNG TRANH			2016-03-29 08:50:41.744183	2016-03-29 08:50:41.744183
9	thuy-dien-song-tranh-05.JPG	CÔNG TRÌNH ĐÃ HOÀN THÀNH - ĐANG ĐẦU TƯ	THỦY ĐIỆN SÔNG TRANH			2016-03-29 08:50:59.575205	2016-03-29 08:50:59.575205
10	thuy-dien-song-tranh-06.JPG	CÔNG TRÌNH ĐÃ HOÀN THÀNH - ĐANG ĐẦU TƯ	THỦY ĐIỆN SÔNG TRANH			2016-03-29 08:51:18.226821	2016-03-29 08:51:18.226821
11	thuy-dien-song-tranh-07.JPG	CÔNG TRÌNH ĐÃ HOÀN THÀNH - ĐANG ĐẦU TƯ	THỦY ĐIỆN SÔNG TRANH			2016-03-29 08:52:13.852807	2016-03-29 08:52:13.852807
12	thuy-dien-song-tranh-08.JPG	CÔNG TRÌNH ĐÃ HOÀN THÀNH - ĐANG ĐẦU TƯ	THỦY ĐIỆN SÔNG TRANH			2016-03-29 08:52:25.728389	2016-03-29 08:52:25.728389
13	mo-da-01.jpg	CÔNG TRÌNH ĐANG ĐẦU TƯ	MỎ ĐÁ			2016-03-29 08:53:43.011452	2016-03-29 08:53:43.011452
14	mo-da-02.jpg	CÔNG TRÌNH ĐANG ĐẦU TƯ	MỎ ĐÁ			2016-03-29 08:53:59.308516	2016-03-29 08:53:59.308516
15	mo-da-03.jpg	CÔNG TRÌNH ĐANG ĐẦU TƯ	MỎ ĐÁ			2016-03-29 08:54:13.445218	2016-03-29 08:54:13.445218
16	mo-da-04.jpg	CÔNG TRÌNH ĐANG ĐẦU TƯ	MỎ ĐÁ			2016-03-29 08:54:30.43838	2016-03-29 08:54:30.43838
23	thiet-bi-tau-vietren-01.JPG	CÔNG NGHỆ THIẾT BỊ	TÀU VIETREN TH-02			2016-03-29 08:59:31.83907	2016-03-29 08:59:31.83907
24	thiet-bi-tau-vietren-02.JPG	CÔNG NGHỆ THIẾT BỊ	TÀU VIETREN TH-02			2016-03-29 08:59:44.008589	2016-03-29 08:59:44.008589
27	thiet-bi-xuong-luyen-kim-01.JPG	CÔNG NGHỆ THIẾT BỊ	XƯỞNG LUYỆN KIM			2016-03-29 09:00:52.126409	2016-03-29 09:00:52.126409
28	thiet-bi-xuong-luyen-kim-02.JPG	CÔNG NGHỆ THIẾT BỊ	XƯỞNG LUYỆN KIM			2016-03-29 09:01:03.246787	2016-03-29 09:01:03.246787
19	thiet-bi-may-chuyen-da-300-tan-01.jpg	CÔNG NGHỆ THIẾT BỊ	MÁY CHUYỀN ĐÁ			2016-03-29 08:56:57.990489	2016-03-29 09:08:04.089271
17	khai-thac-vang-01.JPG	CÔNG TRÌNH ĐANG ĐẦU TƯ	DỰ ÁN KHAI THÁC VÀNG			2016-03-29 08:55:13.104657	2016-03-29 09:08:19.820966
18	khai-thac-vang-02.JPG	CÔNG TRÌNH ĐANG ĐẦU TƯ	DỰ ÁN KHAI THÁC VÀNG			2016-03-29 08:55:36.876462	2016-03-29 09:08:51.950005
20	thiet-bi-may-chuyen-da-300-tan-02.jpg	CÔNG NGHỆ THIẾT BỊ	MÁY CHUYỀN ĐÁ			2016-03-29 08:57:12.10918	2016-03-29 09:09:06.889909
21	thiet-bi-may-chuyen-da-350-tan-01.jpg	CÔNG NGHỆ THIẾT BỊ	MÁY CHUYỀN ĐÁ			2016-03-29 08:57:23.128565	2016-03-29 09:09:16.873091
22	thiet-bi-may-chuyen-da-350-tan-02.jpg	CÔNG NGHỆ THIẾT BỊ	MÁY CHUYỀN ĐÁ			2016-03-29 08:57:47.949205	2016-03-29 09:09:30.970228
25	thiet-bi-tron-be-tong-120-tan-01.jpg	CÔNG NGHỆ THIẾT BỊ	DÀN TRỘN BÊ TÔNG			2016-03-29 09:00:21.085912	2016-03-29 09:09:45.27733
26	thiet-bi-tron-be-tong-120-tan-02.jpg	CÔNG NGHỆ THIẾT BỊ	DÀN TRỘN BÊ TÔNG			2016-03-29 09:00:31.51803	2016-03-29 09:09:54.897083
29	le-cau-sieu-01.JPG	TIN VIỆT REN	ĐẠI LỄ CẦU SIÊU			2016-03-29 09:02:14.719758	2016-03-29 09:10:17.55984
30	le-cau-sieu-02.JPG	TIN VIỆT REN	ĐẠI LỄ CẦU SIÊU			2016-03-29 09:02:31.351626	2016-03-29 09:10:32.016764
\.


--
-- Name: slides_id_seq; Type: SEQUENCE SET; Schema: public; Owner: vietren
--

SELECT pg_catalog.setval('slides_id_seq', 30, true);


--
-- Data for Name: spring_letters; Type: TABLE DATA; Schema: public; Owner: vietren
--

COPY spring_letters (id, tag_vn, title_vn, content_vn, tag_en, title_en, content_en, created_at, updated_at) FROM stdin;
1	Thư xuân	THƯ XUÂN CÔNG TY CP VIỆT REN	<p style="text-align:justify">&nbsp; &nbsp; &nbsp; &nbsp;Nh&acirc;n dịp đ&oacute;n Xu&acirc;n Gi&aacute;p Ngọ năm 2014, C&ocirc;ng ty CP Việt Ren (m&agrave; tiền th&acirc;n l&agrave; Cty CP x&acirc;y lắp dầu kh&iacute; I) xin gửi tới c&aacute;c đồng chi L&atilde;nh đạo Tỉnh, c&aacute;c sở, ban, ng&agrave;nh, c&aacute;c huyện, th&agrave;nh, thị x&atilde;, c&aacute;c Lực lượng vũ trang c&ugrave;ng nh&acirc;n d&acirc;n tỉnh nh&agrave; lời ch&uacute;c mừng tốt đẹp nhất.<br />\r\n<br />\r\n&nbsp; &nbsp; &nbsp; &nbsp;Trong những năm qua mặc d&ugrave; ch&uacute;ng ta vẫn c&ograve;n chịu ảnh hưởng của cơn b&atilde;o suy tho&aacute;i kinh tế nhưng nhờ sự quan t&acirc;m chỉ đạo của l&atilde;nh đạo tỉnh c&ugrave;ng với sự nổ lực phấn đấu của tập thể c&aacute;n bộ c&ocirc;ng nh&acirc;n vi&ecirc;n n&ecirc;n c&ocirc;ng ty ho&agrave;n th&agrave;nh kế hoạch đ&atilde; đề ra, giao nộp ng&acirc;n s&aacute;ch cho nh&agrave; nước đủ chỉ ti&ecirc;u, tham gia tốt c&ocirc;ng t&aacute;c an sinh x&atilde; hội, đời sống của c&ocirc;ng nh&acirc;n đảm bảo. C&ocirc;ng ty ch&uacute;ng t&ocirc;i lu&ocirc;n tri &acirc;n sự gi&uacute;p đỡ ch&acirc;n t&igrave;nh v&agrave; hiệu quả ấy.<br />\r\n<br />\r\n&nbsp; &nbsp; &nbsp; Bước v&agrave;o năm mới, C&ocirc;ng ty CP&nbsp;Việt Ren&nbsp;tiếp tục đầu tư chiều s&acirc;u về trang thiết bị phương tiện kỷ thuật, cũng cố bạn h&agrave;ng củ tr&ecirc;n địa b&agrave;n miền Trung, t&igrave;m kiếm mở rộng thị trường tr&ecirc;n cả nước để n&acirc;ng cao hiệu quả sản xuất kinh doanh, hướng tới sự ph&aacute;t triển ổn định v&agrave; bền vững. Với đội ngũ c&aacute;n bộ quản l&yacute; gi&agrave;u kinh nghiệm thực tiễn, lực lượng c&ocirc;ng nh&acirc;n l&agrave;nh nghề đ&ocirc;ng đảo, được sự quan t&acirc;m gi&uacute;p đỡ của l&atilde;nh đạo tỉnh, c&aacute;c cấp c&aacute;c ng&agrave;nh, v&agrave; của c&aacute;c đối t&aacute;c, c&ocirc;ng ty ch&uacute;ng t&ocirc;i chắc chắn sẽ vượt qua mọi trở ngại để vươn l&ecirc;n ho&agrave;n th&agrave;nh xuất sắc mọi chỉ ti&ecirc;u đ&atilde; đề ra.<br />\r\n<br />\r\n&nbsp; &nbsp; &nbsp; &nbsp;M&ugrave;a xu&acirc;n rộn r&atilde; đang n&aacute;o nức trở về tr&ecirc;n mọi nẻo đường qu&ecirc; hương đất nước, trong kh&ocirc;ng kh&iacute; thi&ecirc;ng li&ecirc;ng của khoảng khắc bước sang năm mới, C&ocirc;ng ty CP&nbsp;Việt Ren&nbsp;k&iacute;nh ch&uacute;c c&aacute;c đồng ch&iacute; L&atilde;nh đạo tỉnh, c&aacute;c sở, ban, ng&agrave;nh, huyện thị, c&aacute;c lực lượng vũ trang, c&aacute;c chiến sĩ đang l&agrave;m nhiệm vụ nơi bi&ecirc;n giới hải đảo v&agrave; nh&acirc;n d&acirc;n tỉnh nh&agrave; lời ch&uacute;c An khang &ndash; Thịnh vượng &ndash; Hạnh ph&uacute;c để năm Gi&aacute;p Ngọ m&atilde; đ&aacute;o th&agrave;nh c&ocirc;ng!</p>\r\n\r\n<p style="text-align:center; float:right">Thay mặt to&agrave;n thể CBCNV Cty<br />\r\nChủ tịch HĐQT<br />\r\n<br />\r\nNguyễn Phi H&ugrave;ng</p>\r\n	Spring letter	BEST WISHES FOR THE NEW YEAR 2014	<p>&nbsp; &nbsp; &nbsp; On occasion to welcome the New Year 2014,&nbsp;Viet Ren Joint Stock Company&nbsp;(which was formerly known as Petroleum Construction Company No. I) would like to give the best wishes to the provincial leaders, departments, branches, districts, towns, the armed forces and all the people in the province.</p>\r\n\r\n<p>Over the past years due to the economic downturn we have faced to the difficulties, but thanks to the attention and guidance of provincial leaders along with the efforts of officers and employees, the company has completed the proposed plan and remitted the budget according to the state indicators, taken part in the social welfare and employees&rsquo; life have been assured. Our company is always grateful for the sincere and effective help of the provincial leaders.</p>\r\n\r\n<p>&nbsp;&nbsp; &nbsp; &nbsp; &nbsp;&nbsp; &nbsp; This year&nbsp;Viet Ren Joint Stock Company&nbsp;continues to do some tasks such as investing facilities and technical equipment, connecting the customers in the Central region, seeking to expand markets across the country in order to improve business efficiency towards to the stable and sustainable development. With experienced managers, skilled labor force along with the help of provincial leaders, organizations and partners, our company certainly will overcome all obstacles to successfully complete all the planned targets.</p>\r\n\r\n<p>&nbsp;Spring is coming back to all the areas over the country and in this exciting atmosphere Viet Ren Joint Stock Company would like to give the best wishes to the provincial leaders, departments, branches, districts, towns, the armed forces, the soldiers and all the people in the province. We wish all you a new year of wellbeing, prosperity, happiness and success!<br />\r\n&nbsp;</p>\r\n\r\n<div style="page-break-after: always"><span style="display:none">&nbsp;</span></div>\r\n\r\n<p style="text-align:center">On behalf of all company employees<br />\r\nChairman of the Board</p>\r\n\r\n<p style="text-align:center"><br />\r\n<strong><em>Nguyen Phi Hung</em></strong></p>\r\n	2016-03-26 03:35:53.652354	2016-03-28 03:29:22.847766
\.


--
-- Name: spring_letters_id_seq; Type: SEQUENCE SET; Schema: public; Owner: vietren
--

SELECT pg_catalog.setval('spring_letters_id_seq', 1, true);


--
-- Data for Name: users; Type: TABLE DATA; Schema: public; Owner: vietren
--

COPY users (id, email, encrypted_password, reset_password_token, reset_password_sent_at, remember_created_at, sign_in_count, current_sign_in_at, last_sign_in_at, current_sign_in_ip, last_sign_in_ip, created_at, updated_at, username) FROM stdin;
1	admin@vietren.vn	$2a$10$mWeOP7Uwjq2SvS.UQFB9FOQ9TXRP5exhvHW2sqKo25IEuHmd5gAqi	\N	\N	\N	13	2016-03-30 15:32:29.003144	2016-03-30 14:27:30.136418	115.74.196.75	14.187.159.56	2016-03-26 03:35:53.448909	2016-03-30 15:32:29.004787	Viet Ren Joint Stock Company
\.


--
-- Name: users_id_seq; Type: SEQUENCE SET; Schema: public; Owner: vietren
--

SELECT pg_catalog.setval('users_id_seq', 1, true);


--
-- PostgreSQL database dump complete
--

